entropy,file_size,opcode_freq,malware_family,label,id,md5,sha256,generation_ts
6.6543653554105235,1113819,0.067008093,benign,0,1,c4ca4238a0b923820dcc509a6f75849b,6b86b273ff34fce19d6b804eff5a3f5747ada4eaa22f1d49c01e52ddb7875b4b,2025-04-24T07:40:44.397654
6.1798616189610875,1308764,0.099863256,benign,0,2,c81e728d9d4c2f636f067f89cc14862c,d4735e3a265e16eee03f59718b9b5d03019c07d8b6c51f90da3a666eec13ab35,2025-04-24T07:40:44.397654
6.050386495259355,1846626,0.089578933,benign,0,3,eccbc87e4b5ce2fe28308fd9f2a7baf3,4e07408562bedb8b60ce05c1decfe3ad16b72230967de01f640b7e4729b49fce,2025-04-24T07:40:44.397654
7.208535855940381,442554,0.081453092,benign,0,4,a87ff679a2f3e71d9181a67b7542122c,4b227777d4dd1fc61c6f884f48641d02b4d121d3fd328cb08b5531fcacdabf8a,2025-04-24T07:40:44.397654
7.106900046591726,237455,0.15471777492917196,benign,0,5,e4da3b7fbbce2345d7772b0674a318d5,ef2d127de37b942baad06145e54b0c619a1f22327b2ebbcfbec78f5564afe39d,2025-04-24T07:40:44.397654
6.560470493884862,32120,0.16659301493521958,benign,0,6,1679091c5a880faf6fb5e6087eb1b2dc,e7f6c011776e8db7cd330b54174fd76f7d0216b612387a5ffcfb81e6f0919683,2025-04-24T07:40:44.397654
5.972411275666789,443106,0.21627116617831277,benign,0,7,8f14e45fceea167a5a36dedd4bea2543,7902699be42c8a8e46fbbb4501726517e86b22c56a189f7625a6da49081b2451,2025-04-24T07:40:44.397654
6.8898487675568045,1064869,0.071536422,benign,0,8,c9f0f895fb98ab9159f51fd0297e236d,2c624232cdd221771294dfbb310aca000a0df6ac8b66b696d90ef06fdefb64a3,2025-04-24T07:40:44.397654
7.392988920692399,289916,0.06536372,benign,0,9,45c48cce2e2d7fbdea1afc51c7c6ad26,19581e27de7ced00ff1ce50b2047e7a567c76b1cbaebabe5ef03f7c3017bb5b7,2025-04-24T07:40:44.397654
6.094394131199522,1208017,0.21356482192228426,benign,0,10,d3d9446802a44259755d38e6d163e820,4a44dc15364204a80fe80e9039455cc1608281820fe2b24f1e5233ade6af1dd5,2025-04-24T07:40:44.397654
6.0198528963953315,624827,0.1464600113702966,benign,0,11,6512bd43d9caa6e02c990b0a82652dca,4fc82b26aecb47d2868c4efbe3581732a3e7cbcc6c2efb32062c08170a05eeb8,2025-04-24T07:40:44.397654
4.500552375026954,26962,0.22735412639091107,benign,0,12,c20ad4d76fe97759aa27a0c99bff6710,6b51d431df5d7f141cbececcf79edf3dd861c3b4069f0b11661a3eefacbba918,2025-04-24T07:40:44.397654
5.406396839277585,592628,0.1886401175778863,benign,0,13,c51ce410c124a10e0db5e4b97fc2af39,3fdba35f04dc8c462986c992bcf875546257113072a909c162f7e470e581e278,2025-04-24T07:40:44.397654
6.023780529643031,984628,0.1020034077346704,benign,0,14,aab3238922bcc25a6f606eb525ffdc56,8527a891e224136950ff32ca212b45bc93f69fbb801c3b1ebedac52775f99e61,2025-04-24T07:40:44.397654
7.835924178085148,1623001,0.049697083,benign,0,15,9bf31c7ff062936a96d3c8bd1f8f2ff3,e629fa6598d732768f7c726b4b621285f9c3b85303900aa912017db7617d8bdb,2025-04-24T07:40:44.397654
6.013339324530397,111384,0.24946355805309278,benign,0,16,c74d97b01eae257e44aa9d5bade97baf,b17ef6d19c7a5b1ee83b907c595526dcb1eb06db8227d650d5dda0a9f4ce8cd9,2025-04-24T07:40:44.397654
6.1415463049853924,343551,0.13359442154721796,benign,0,17,70efdf2ec9b086079795c442636b55fb,4523540f1504cd17100c4835e85b7eefd49911580f8efff0599a8f283be6b9e3,2025-04-24T07:40:44.397654
6.927004052249792,1475153,0.15505692504697027,benign,0,18,6f4922f45568161a8cdf4ad2299f6d23,4ec9599fc203d176a301536c2e091a19bc852759b255bd6818810a42c5fed14a,2025-04-24T07:40:44.397654
6.972640883,45766,0.2018185180776574,benign,0,19,1f0e3dad99908345f7439f8ffabdffc4,9400f1b21cb527d7fa3d3eabba93557a18ebe7a2ca4e471cfe5e4c5b4ca7f767,2025-04-24T07:40:44.397654
6.120410868841507,1969072,0.17507047294484981,benign,0,20,98f13708210194c475687be6106a3b84,f5ca38f748a1d6eaf726b8a42fb575c3c71f1864a8143301782de13da2d9202b,2025-04-24T07:40:44.397654
7.123255155360277,271962,0.089398383,benign,0,21,3c59dc048e8850243be8079a5c74d079,6f4b6612125fb3a0daecd2799dfd6c9c299424fd920f9b308110a2c1fbd8f443,2025-04-24T07:40:44.397654
6.867264115339778,1267790,0.17718770644805126,benign,0,22,b6d767d2f8ed5d21a44b0e5886680cb9,785f3ec7eb32f30b90cd0fcf3657d388b5ff4297f2f9716ff66e9b69c05ddd09,2025-04-24T07:40:44.397654
6.850871334725898,791636,0.21864157041627708,benign,0,23,37693cfc748049e45d87b8c7d8b9aacd,535fa30d7e25dd8a49f1536779734ec8286108d115da5045d77f3b4185d8f790,2025-04-24T07:40:44.397654
5.7920854916159055,1062715,0.13260078884657123,benign,0,24,1ff1de774005f8da13f42943881c655f,c2356069e9d1e79ca924378153cfbbfb4d4416b1f99d41a2940bfdb66c5319db,2025-04-24T07:40:44.397654
6.030865163,747587,0.18979524192342181,benign,0,25,8e296a067a37563370ded05f5a3bf3ec,b7a56873cd771f2c446d369b649430b65a756ba278ff97ec81bb6f55b2e73569,2025-04-24T07:40:44.397654
7.412592268707341,325480,0.10787312828672793,benign,0,26,4e732ced3463d06de0ca9a15b6153677,5f9c4ab08cac7457e9111a30e4664920607ea2c115a1433d7be98e97e64244ca,2025-04-24T07:40:44.397654
6.971672767282627,1199781,0.16284700073614924,benign,0,27,02e74f10e0327ad868d138f2b4fdd6f0,670671cd97404156226e507973f2ab8330d3022ca96e0c93bdbdb320c41adcaf,2025-04-24T07:40:44.397654
7.595811484870215,1589319,0.075929299,benign,0,28,33e75ff09dd601bbe69f351039152189,59e19706d51d39f66711c2653cd7eb1291c94d9b55eb14bda74ce4dc636d015a,2025-04-24T07:40:44.397654
6.885954931,1352203,0.223070144,benign,0,29,6ea9ab1baa0efb9e19094440c317e21b,35135aaa6cc23891b40cb3f378c53a17a1127210ce60e125ccf03efcfdaec458,2025-04-24T07:40:44.397654
6.144673215327813,713449,0.2289231604848424,benign,0,30,34173cb38f07f89ddbebc2ac9128303f,624b60c58c9d8bfb6ff1886c2fd605d2adeb6ea4da576068201b6c6958ce93f4,2025-04-24T07:40:44.397654
6.459342572142996,306588,0.22010133590003783,benign,0,31,c16a5320fa475530d9583c34fd356ef5,eb1e33e8a81b697b75855af6bfcdbcbf7cbbde9f94962ceaec1ed8af21f5a50f,2025-04-24T07:40:44.397654
6.546472558,1018534,0.16997792519598567,benign,0,32,6364d3f0f495b6ab9dcf8d3b5c6e0b01,e29c9c180c6279b0b02abd6a1801c7c04082cf486ec027aa13515e4f3884bb6b,2025-04-24T07:40:44.397654
7.318019651875913,534208,0.11375019180536763,benign,0,33,182be0c5cdcd5072bb1864cdee4d3d6e,c6f3ac57944a531490cd39902d0f777715fd005efac9a30622d5f5205e7f6894,2025-04-24T07:40:44.397654
7.393145583916608,1671157,0.1186519766878052,benign,0,34,e369853df766fa44e1ed0ff613f563bd,86e50149658661312a9e0b35558d84f6c6d3da797f552a9657fe0558ca40cdef,2025-04-24T07:40:44.397654
5.767817547744819,246105,0.17411184506999883,benign,0,35,1c383cd30b7c298ab50293adfecb7b18,9f14025af0065b30e47e23ebb3b491d39ae8ed17d33739e5ff3827ffb3634953,2025-04-24T07:40:44.397654
5.583285946043485,1045323,0.15425661518944897,benign,0,36,19ca14e7ea6328a42e0eb13d585e4c22,76a50887d8f1c2e9301755428990ad81479ee21c25b43215cf524541e0503269,2025-04-24T07:40:44.397654
7.066902669629956,377433,0.14101085905002037,benign,0,37,a5bfc9e07964f8dddeb95fc584cd965d,7a61b53701befdae0eeeffaecc73f14e20b537bb0f8b91ad7c2936dc63562b25,2025-04-24T07:40:44.397654
6.2018222017924405,605876,0.24047881163651227,benign,0,38,a5771bce93e200c36f7cd9dfd0e5deaa,aea92132c4cbeb263e6ac2bf6c183b5d81737f179f21efdc5863739672f0f470,2025-04-24T07:40:44.397654
6.984779581646555,1225324,0.14966607332196594,benign,0,39,d67d8ab4f4c10bf22aa353e27879133c,0b918943df0962bc7a1824c0555a389347b4febdc7cf9d1254406d80ce44e3f9,2025-04-24T07:40:44.397654
6.059227618676105,1847435,0.20106589355568752,benign,0,40,d645920e395fedad7bbbed0eca3fe2e0,d59eced1ded07f84c145592f65bdf854358e009c5cd705f5215bf18697fed103,2025-04-24T07:40:44.397654
5.795580005171701,264132,0.094597056,benign,0,41,3416a75f4cea9109507cacd8e2f2aefc,3d914f9348c9cc0ff8a79716700b9fcd4d2f3e711608004eb8f138bcba7f14d9,2025-04-24T07:40:44.397654
6.531162829339524,389850,0.18065107945660797,benign,0,42,a1d0c6e83f027327d8461063f4ac58a6,73475cb40a568e8da8a045ced110137e159f890ac4da883b6b17dc651b3a8049,2025-04-24T07:40:44.397654
7.211633960381276,330018,0.15373843876659732,benign,0,43,17e62166fc8586dfa4d1bc0e1742c08b,44cb730c420480a0477b505ae68af508fb90f96cf0ec54c6ad16949dd427f13a,2025-04-24T07:40:44.397654
5.631008607560608,660231,0.1441325482204134,benign,0,44,f7177163c833dff4b38fc8d2872f1ec6,71ee45a3c0db9a9865f7313dd3372cf60dca6479d46261f3542eb9346e4a04d6,2025-04-24T07:40:44.397654
6.279204954563713,1725792,0.19665845654440375,benign,0,45,6c8349cc7260ae62e3b1396831a8398f,811786ad1ae74adfdd20dd0372abaaebc6246e343aebd01da0bfc4c02bf0106c,2025-04-24T07:40:44.397654
6.394238671281111,277424,0.1400600732935096,benign,0,46,d9d4f495e875a2e075a1a4a6e1b9770f,25fc0e7096fc653718202dc30b0c580b8ab87eac11a700cba03a7c021bc35b0c,2025-04-24T07:40:44.397654
7.2262676795908805,1546684,0.1335723010274686,benign,0,47,67c6a1e7ce56d3d6fa748ab6d9af3fd7,31489056e0916d59fe3add79e63f095af3ffb81604691f21cad442a85c7be617,2025-04-24T07:40:44.397654
7.387395408,672707,0.1810673137894327,benign,0,48,642e92efb79421734881b53e1e1b18b6,98010bd9270f9b100b6214a21754fd33bdc8d41b2bc9f9dd16ff54d3c34ffd71,2025-04-24T07:40:44.397654
6.314153237639925,1612294,0.091967316,benign,0,49,f457c545a9ded88f18ecee47145a72c0,0e17daca5f3e175f448bacace3bc0da47d0655a74c8dd0dc497a3afbdad95f1f,2025-04-24T07:40:44.397654
5.805286021835894,685704,0.11458604287728894,benign,0,50,c0c7c76d30bd3dcaefc96f40275bdc0a,1a6562590ef19d1045d06c4055742d38288e9e6dcd71ccde5cee80f1d5a774eb,2025-04-24T07:40:44.397654
6.148599140060623,43158,0.15470027452994298,benign,0,51,2838023a778dfaecdc212708f721b788,031b4af5197ec30a926f48cf40e11a7dbc470048a21e4003b7a3c07c5dab1baa,2025-04-24T07:40:44.397654
6.169586134344053,672502,0.29750263685920103,benign,0,52,9a1158154dfa42caddbd0694a4e9bdc8,41cfc0d1f2d127b04555b7246d84019b4d27710a3f3aff6e7764375b1e06e05d,2025-04-24T07:40:44.397654
7.428176366414501,1950321,0.18078456061827733,benign,0,53,d82c8d1619ad8176d665453cfb2e55f0,2858dcd1057d3eae7f7d5f782167e24b61153c01551450a628cee722509f6529,2025-04-24T07:40:44.397654
6.112139757982234,1286512,0.1795351127692112,benign,0,54,a684eceee76fc522773286a895bc8436,2fca346db656187102ce806ac732e06a62df0dbb2829e511a770556d398e1a6e,2025-04-24T07:40:44.397654
6.746042903827984,1093830,0.13798775524904658,benign,0,55,b53b3a3d6ab90ce0268229151c9bde11,02d20bbd7e394ad5999a4cebabac9619732c343a4cac99470c03e23ba2bdc2bc,2025-04-24T07:40:44.397654
6.429687938435115,1735810,0.20592124576719456,benign,0,56,9f61408e3afb633e50cdf1b20de6f466,7688b6ef52555962d008fff894223582c484517cea7da49ee67800adc7fc8866,2025-04-24T07:40:44.397654
6.767511909,1573054,0.15780889555704586,benign,0,57,72b32a1f754ba1c09b3695e0cb6cde7f,c837649cce43f2729138e72cc315207057ac82599a59be72765a477f22d14a54,2025-04-24T07:40:44.397654
6.512369476304303,1099278,0.17872400927534357,benign,0,58,66f041e16a60928b05a7e228a89c3799,6208ef0f7750c111548cf90b6ea1d0d0a66f6bff40dbef07cb45ec436263c7d6,2025-04-24T07:40:44.397654
5.541164138511845,368702,0.11734054942532607,benign,0,59,093f65e080a295f8076b1c5722a46aa2,3e1e967e9b793e908f8eae83c74dba9bcccce6a5535b4b462bd9994537bfe15c,2025-04-24T07:40:44.397654
5.767839495732179,505255,0.13624186518955944,benign,0,60,072b030ba126b2f4b2374f342be9ed44,39fa9ec190eee7b6f4dff1100d6343e10918d044c75eac8f9e9a2596173f80c9,2025-04-24T07:40:44.397654
7.466163616564485,717114,0.10066195598563002,benign,0,61,7f39f8317fbdb1988ef4c628eba02591,d029fa3a95e174a19934857f535eb9427d967218a36ea014b70ad704bc6c8d1c,2025-04-24T07:40:44.397654
6.530028115427887,1350740,0.23192379092637333,benign,0,62,44f683a84163b3523afe57c2e008bc8c,81b8a03f97e8787c53fe1a86bda042b6f0de9b0ec9c09357e107c99ba4d6948a,2025-04-24T07:40:44.397654
5.991513704812281,1033661,0.2023677980108812,benign,0,63,03afdbd66e7929b125f8597834fa83a4,da4ea2a5506f2693eae190d9360a1f31793c98a1adade51d93533a6f520ace1c,2025-04-24T07:40:44.397654
5.642300641819132,898433,0.15162606581813373,benign,0,64,ea5d2f1c4608232e07d3aa3d998e5135,a68b412c4282555f15546cf6e1fc42893b7e07f271557ceb021821098dd66c1b,2025-04-24T07:40:44.397654
6.520184762726493,411013,0.12509624106602757,benign,0,65,fc490ca45c00b1249bbe3554a4fdf6fb,108c995b953c8a35561103e2014cf828eb654a99e310f87fab94c2f4b7d2a04f,2025-04-24T07:40:44.397654
5.8439890689665255,1980279,0.13835793366984242,benign,0,66,3295c76acbf4caaed33c36b1b5fc2cb1,3ada92f28b4ceda38562ebf047c6ff05400d4c572352a1142eedfef67d21e662,2025-04-24T07:40:44.397654
6.398505753080421,1467291,0.16373847282638354,benign,0,67,735b90b4568125ed6c3f678819b6e058,49d180ecf56132819571bf39d9b7b342522a2ac6d23c1418d3338251bfe469c8,2025-04-24T07:40:44.397654
7.1337501176524025,1938862,0.14757963746330408,benign,0,68,a3f390d88e4c41f2747bfa2f1b5f87db,a21855da08cb102d1d217c53dc5824a3a795c1c1a44e971bf01ab9da3a2acbbf,2025-04-24T07:40:44.397654
6.180030754603211,1496473,0.23587635699479184,benign,0,69,14bfa6bb14875e45bba028a21ed38046,c75cb66ae28d8ebc6eded002c28a8ba0d06d3a78c6b5cbf9b2ade051f0775ac4,2025-04-24T07:40:44.397654
5.899910873697935,1289824,0.12927726733259154,benign,0,70,7cbbc409ec990f19c78c75bd1e06f215,ff5a1ae012afa5d4c889c50ad427aaf545d31a4fac04ffc1c4d03d403ba4250a,2025-04-24T07:40:44.397654
5.787938900718092,356443,0.1680887579524094,benign,0,71,e2c420d928d4bf8ce0ff2ec19b371514,7f2253d7e228b22a08bda1f09c516f6fead81df6536eb02fa991a34bb38d9be8,2025-04-24T07:40:44.397654
6.745292902502574,1955753,0.15343802991632344,benign,0,72,32bb90e8976aab5298d5da10fe66f21d,8722616204217eddb39e7df969e0698aed8e599ba62ed2de1ce49b03ade0fede,2025-04-24T07:40:44.397654
6.523073521504348,600053,0.17496463801484025,benign,0,73,d2ddea18f00665ce8623e36bd4e3c7c5,96061e92f58e4bdcdee73df36183fe3ac64747c81c26f6c83aada8d2aabb1864,2025-04-24T07:40:44.397654
6.540375842723086,1562934,0.14011726914873487,benign,0,74,ad61ab143223efbc24c7d2583be69251,eb624dbe56eb6620ae62080c10a273cab73ae8eca98ab17b731446a31c79393a,2025-04-24T07:40:44.397654
6.612321678202083,368681,0.11805967338058959,benign,0,75,d09bf41544a3365a46c9077ebb5e35c3,f369cb89fc627e668987007d121ed1eacdc01db9e28f8bb26f358b7d8c4f08ac,2025-04-24T07:40:44.397654
4.733185515386733,1661542,0.17633162958364715,benign,0,76,fbd7939d674997cdb4692d34de8633c4,f74efabef12ea619e30b79bddef89cffa9dda494761681ca862cff2871a85980,2025-04-24T07:40:44.397654
6.440206181272852,1942425,0.1770439315155366,benign,0,77,28dd2c7955ce926456240b2ff0100bde,a88a7902cb4ef697ba0b6759c50e8c10297ff58f942243de19b984841bfe1f73,2025-04-24T07:40:44.397654
6.685404422779796,1081157,0.16097666054008408,benign,0,78,35f4a8d465e6e1edc05f3d8ab658c551,349c41201b62db851192665c504b350ff98c6b45fb62a8a2161f78b6534d8de9,2025-04-24T07:40:44.397654
5.790734273618604,611583,0.20127304686261802,benign,0,79,d1fe173d08e959397adf34b1d77e88d7,98a3ab7c340e8a033e7b37b6ef9428751581760af67bbab2b9e05d4964a8874a,2025-04-24T07:40:44.397654
6.578138510348675,620683,0.1978039746559343,benign,0,80,f033ab37c30201f73f142449d037028d,48449a14a4ff7d79bb7a1b6f3d488eba397c36ef25634c111b49baf362511afc,2025-04-24T07:40:44.397654
8,771191,0.17159796334868374,benign,0,81,43ec517d68b6edd3015b3edc9a11367b,5316ca1c5ddca8e6ceccfce58f3b8540e540ee22f6180fb89492904051b3d531,2025-04-24T07:40:44.397654
6.682438989730191,538339,0.17108372897660024,benign,0,82,9778d5d219c5080b9a6a17bef029331c,a46e37632fa6ca51a13fe39a567b3c23b28c2f47d8af6be9bd63e030e214ba38,2025-04-24T07:40:44.397654
6.537668002167008,467563,0.21244505103905473,benign,0,83,fe9fc289c3ff0af142b6d3bead98a923,bbb965ab0c80d6538cf2184babad2a564a010376712012bd07b0af92dcd3097d,2025-04-24T07:40:44.397654
6.3577298370436335,1464250,0.13124947242089882,benign,0,84,68d30a9594728bc39aa24be94b319d21,44c8031cb036a7350d8b9b8603af662a4b9cdbd2f96e8d5de5af435c9c35da69,2025-04-24T07:40:44.397654
6.3570340600331665,450831,0.12100214240501482,benign,0,85,3ef815416f775098fe977004015c6193,b4944c6ff08dc6f43da2e9c824669b7d927dd1fa976fadc7b456881f51bf5ccc,2025-04-24T07:40:44.397654
6.678924511074123,1851359,0.086060999,benign,0,86,93db85ed909c13838ff95ccfa94cebd9,434c9b5ae514646bbd91b50032ca579efec8f22bf0b4aac12e65997c418e0dd6,2025-04-24T07:40:44.397654
7.091157853595327,451764,0.19018917616432449,benign,0,87,c7e1249ffc03eb9ded908c236bd1996d,bdd2d3af3a5a1213497d4f1f7bfcda898274fe9cb5401bbc0190885664708fc2,2025-04-24T07:40:44.397654
5.357275992332074,593149,0.14053848379250275,benign,0,88,2a38a4a9316c49e5a833517c45d31070,8b940be7fb78aaa6b6567dd7a3987996947460df1c668e698eb92ca77e425349,2025-04-24T07:40:44.397654
7.465218768712762,445887,0.16242566276149448,benign,0,89,7647966b7343c29048673252e490f736,cd70bea023f752a0564abb6ed08d42c1440f2e33e29914e55e0be1595e24f45a,2025-04-24T07:40:44.397654
6.644596922274063,719029,0.16043752246708967,benign,0,90,8613985ec49eb8f757ae6439e879bb2a,69f59c273b6e669ac32a6dd5e1b2cb63333d8b004f9696447aee2d422ce63763,2025-04-24T07:40:44.397654
6.365286692248701,1673480,0.09221866,benign,0,91,54229abfcfa5649e7003b83dd4755294,1da51b8d8ff98f6a48f80ae79fe3ca6c26e1abb7b7d125259255d6d2b875ea08,2025-04-24T07:40:44.397654
7.24702061,260400,0.1742304303310162,benign,0,92,92cc227532d17e56e07902b254dfad10,8241649609f88ccd2a0a5b233a07a538ec313ff6adf695aa44a969dbca39f67d,2025-04-24T07:40:44.397654
7.257759570421699,1030638,0.16310970459388652,benign,0,93,98dce83da57b0395e163467c9dae521b,6e4001871c0cf27c7634ef1dc478408f642410fd3a444e2a88e301f5c4a35a4d,2025-04-24T07:40:44.397654
6.069741991655943,861912,0.12205730390013232,benign,0,94,f4b9ec30ad9f68f89b29639786cb62ef,e3d6c4d4599e00882384ca981ee287ed961fa5f3828e2adb5e9ea890ab0d0525,2025-04-24T07:40:44.397654
6.384520427981417,764452,0.1446161725574383,benign,0,95,812b4ba287f5ee0bc9d43bbf5bbe87fb,ad48ff99415b2f007dc35b7eb553fd1eb35ebfa2f2f308acd9488eeb86f71fa8,2025-04-24T07:40:44.397654
6.204729380261679,1847563,0.2176726126177933,benign,0,96,26657d5ff9020d2abefe558796b99584,7b1a278f5abe8e9da907fc9c29dfd432d60dc76e17b0fabab659d2a508bc65c4,2025-04-24T07:40:44.397654
7.189718049755843,1554326,0.20199895138295543,benign,0,97,e2ef524fbf3d9fe611d5a8e90fefdc9c,d6d824abba4afde81129c71dea75b8100e96338da5f416d2f69088f1960cb091,2025-04-24T07:40:44.397654
5.978675993900608,1029149,0.18258605191305116,benign,0,98,ed3d2c21991e3bef5e069713af9fa6ca,29db0c6782dbd5000559ef4d9e953e300e2b479eed26d887ef3f92b921c06a67,2025-04-24T07:40:44.397654
5.084702314665758,1583148,0.14369790775250954,benign,0,99,ac627ab1ccbdb62ec96e702f07f6425b,8c1f1046219ddd216a023f792356ddf127fce372a72ec9b4cdac989ee5b0b455,2025-04-24T07:40:44.397654
6.5151570106414844,804199,0.1564735940413962,benign,0,100,f899139df5e1059396431415e770c6dd,ad57366865126e55649ecb23ae1d48887544976efea46a48eb5d85a6eeb4d306,2025-04-24T07:40:44.397654
7.192560908,1007844,0.2358674164211299,benign,0,101,38b3eff8baf56627478ec76a704e9b52,16dc368a89b428b2485484313ba67a3912ca03f2b2b42429174a4f8b3dc84e44,2025-04-24T07:40:44.397654
6.390423390346379,1232983,0.22520451867745445,benign,0,102,ec8956637a99787bd197eacd77acce5e,37834f2f25762f23e1f74a531cbe445db73d6765ebe60878a7dfbecd7d4af6e1,2025-04-24T07:40:44.397654
7.039679291134795,467452,0.20485586724786825,benign,0,103,6974ce5ac660610b44d9b9fed0ff9548,454f63ac30c8322997ef025edff6abd23e0dbe7b8a3d5126a894e4a168c1b59b,2025-04-24T07:40:44.397654
7.480104231564477,235265,0.2575414600832236,benign,0,104,c9e1074f5b3f9fc8ea15d152add07294,5ef6fdf32513aa7cd11f72beccf132b9224d33f271471fff402742887a171edf,2025-04-24T07:40:44.397654
6.7770356282257715,1566163,0.1991189241637852,benign,0,105,65b9eea6e1cc6bb9f0cd2a47751a186f,1253e9373e781b7500266caa55150e08e210bc8cd8cc70d89985e3600155e860,2025-04-24T07:40:44.397654
6.649864431996118,838292,0.10462492480083686,benign,0,106,f0935e4cd5920aa6c7c996a5ee53a70f,482d9673cfee5de391f97fde4d1c84f9f8d6f2cf0784fcffb958b4032de7236c,2025-04-24T07:40:44.397654
7.0479077891224025,1069187,0.16142689776763802,benign,0,107,a97da629b098b75c294dffdc3e463904,3346f2bbf6c34bd2dbe28bd1bb657d0e9c37392a1d5ec9929e6a5df4763ddc2d,2025-04-24T07:40:44.397654
7.123162553378323,109644,0.15279845349349908,benign,0,108,a3c65c2974270fd093ee8a9bf8ae7d0b,9537f32ec7599e1ae953af6c9f929fe747ff9dadf79a9beff1f304c550173011,2025-04-24T07:40:44.397654
6.434114050842927,497284,0.19457334454812966,benign,0,109,2723d092b63885e0d7c260cc007e8b9d,0fd42b3f73c448b34940b339f87d07adf116b05c0227aad72e8f0ee90533e699,2025-04-24T07:40:44.397654
5.800044008908115,1032236,0.1949353335085562,benign,0,110,5f93f983524def3dca464469d2cf9f3e,9bdb2af6799204a299c603994b8e400e4b1fd625efdb74066cc869fee42c9df3,2025-04-24T07:40:44.397654
6.589791257999553,489738,0.10761992748382268,benign,0,111,698d51a19d8a121ce581499d7b701668,f6e0a1e2ac41945a9aa7ff8a8aaa0cebc12a3bcc981a929ad5cf810a090e11ae,2025-04-24T07:40:44.397654
5.896029331251403,426117,0.074484924,benign,0,112,7f6ffaa6bb0b408017b62254211691b5,b1556dea32e9d0cdbfed038fd7787275775ea40939c146a64e205bcb349ad02f,2025-04-24T07:40:44.397654
6.018871791744749,1682835,0.17436925774647266,benign,0,113,73278a4a86960eeb576a8fd4c9ec6997,6c658ee83fb7e812482494f3e416a876f63f418a0b8a1f5e76d47ee4177035cb,2025-04-24T07:40:44.397654
6.988063460591232,121197,0.2368130806125836,benign,0,114,5fd0b37cd7dbbb00f97ba6ce92bf5add,9f1f9dce319c4700ef28ec8c53bd3cc8e6abe64c68385479ab89215806a5bdd6,2025-04-24T07:40:44.397654
6.867675979280034,1551343,0.18510967940679277,benign,0,115,2b44928ae11fb9384c4cf38708677c48,28dae7c8bde2f3ca608f86d0e16a214dee74c74bee011cdfdd46bc04b655bc14,2025-04-24T07:40:44.397654
5.883895684922884,1143203,0.10285585708206746,benign,0,116,c45147dee729311ef5b5c3003946c48f,e5b861a6d8a966dfca7e7341cd3eb6be9901688d547a72ebed0b1f5e14f3d08d,2025-04-24T07:40:44.397654
6.714833524225785,126554,0.16399843812649076,benign,0,117,eb160de1de89d9058fcb0b968dbbbd68,2ac878b0e2180616993b4b6aa71e61166fdc86c28d47e359d0ee537eb11d46d3,2025-04-24T07:40:44.397654
6.146988561022988,110384,0.28525325903651505,benign,0,118,5ef059938ba799aaa845e1c2e8a762bd,85daaf6f7055cd5736287faed9603d712920092c4f8fd0097ec3b650bf27530e,2025-04-24T07:40:44.397654
6.625395916199997,67330,0.06508018,benign,0,119,07e1cd7dca89a1678042477183b7ac3f,3038bfb575bee6a0e61945eff8784835bb2c720634e42734678c083994b7f018,2025-04-24T07:40:44.397654
6.053385388,1741576,0.16923409761164623,benign,0,120,da4fb5c6e93e74d3df8527599fa62642,2abaca4911e68fa9bfbf3482ee797fd5b9045b841fdff7253557c5fe15de6477,2025-04-24T07:40:44.397654
6.9961377055174925,1927307,0.1863567000903299,benign,0,121,4c56ff4ce4aaf9573aa5dff913df997a,89aa1e580023722db67646e8149eb246c748e180e34a1cf679ab0b41a416d904,2025-04-24T07:40:44.397654
7.516254822312059,1365143,0,benign,0,122,a0a080f42e6f13b3a2df133f073095dd,1be00341082e25c4e251ca6713e767f7131a2823b0052caf9c9b006ec512f6cb,2025-04-24T07:40:44.397654
6.6162330365788735,1990441,0.22664697032570755,benign,0,123,202cb962ac59075b964b07152d234b70,a665a45920422f9d417e4867efdc4fb8a04a1f3fff1fa07e998e86f7f7a27ae3,2025-04-24T07:40:44.397654
6.563242821171505,485360,0.19234874416238965,benign,0,124,c8ffe9a587b126f152ed3d89a146b445,6affdae3b3c1aa6aa7689e9b6a7b3225a636aa1ac0025f490cca1285ceaf1487,2025-04-24T07:40:44.397654
6.548554967343632,1574500,0.15168446619996084,benign,0,125,3def184ad8f4755ff269862ea77393dd,0f8ef3377b30fc47f96b48247f463a726a802f62f3faa03d56403751d2f66c67,2025-04-24T07:40:44.397654
6.733454233363587,1114953,0.13696544543477918,benign,0,126,069059b7ef840f0c74a814ec9237b6ec,65a699905c02619370bcf9207f5a477c3d67130ca71ec6f750e07fe8d510b084,2025-04-24T07:40:44.397654
6.855899253140822,359732,0.10534277760456494,benign,0,127,ec5decca5ed3d6b8079e2e7e7bacc9f2,922c7954216ccfe7a61def609305ce1dc7c67e225f873f256d30d7a8ee4f404c,2025-04-24T07:40:44.397654
7.267120451418785,648512,0.2056829408146772,benign,0,128,76dc611d6ebaafc66cc0879c71b5db5c,2747b7c718564ba5f066f0523b03e17f6a496b06851333d2d59ab6d863225848,2025-04-24T07:40:44.397654
6.827015760060222,134339,0.29479469981848183,benign,0,129,d1f491a404d6854880943e5c3cd9ca25,6566230e3a3ce3774c1bbc7c18b590ae0f457bbcd511e90e3e7dca2a02e7addc,2025-04-24T07:40:44.397654
7.171199572,148646,0.19857776140776634,benign,0,130,9b8619251a19057cff70779273e95aa6,38d66d9692ac590000a91b03a88da1c88d51fab2b78f63171f553ecc551a0c6f,2025-04-24T07:40:44.397654
7.3891761360524475,668495,0.15382566771290412,benign,0,131,1afa34a7f984eeabdbb0a7d494132ee5,eeca91fd439b6d5e827e8fda7fee35046f2def93508637483f6be8a2df7a4392,2025-04-24T07:40:44.397654
6.925834741012496,938877,0.19663889205646834,benign,0,132,65ded5353c5ee48d0b7d48c591b8f430,dbb1ded63bc70732626c5dfe6c7f50ced3d560e970f30b15335ac290358748f6,2025-04-24T07:40:44.397654
5.012485124,587516,0.15262901369625897,benign,0,133,9fc3d7152ba9336a670e36d0ed79bc43,d2f483672c0239f6d7dd3c9ecee6deacbcd59185855625902a8b1c1a3bd67440,2025-04-24T07:40:44.397654
6.334794599466105,176034,0.18166662022721547,benign,0,134,02522a2b2726fb0a03bb19f2d8d9524d,5d389f5e2e34c6b0bad96581c22cee0be36dcf627cd73af4d4cccacd9ef40cc3,2025-04-24T07:40:44.397654
7.999748863084186,767258,0.14408730639566758,benign,0,135,7f1de29e6da19d22b51c68001e7e0e54,13671077b66a29874a2578b5240319092ef2a1043228e433e9b006b5e53e7513,2025-04-24T07:40:44.397654
6.639506628,1714891,0.15300695964325148,benign,0,136,42a0e188f5033bc65bf8d78622277c4e,36ebe205bcdfc499a25e6923f4450fa8d48196ceb4fa0ce077d9d8ec4a36926d,2025-04-24T07:40:44.397654
6.644758773325594,510243,0.1279995860698056,benign,0,137,3988c7f88ebcb58c6ce932b957b6f332,d80eae6e96d148b3b2abbbc6760077b66c4ea071f847dab573d507a32c4d99a5,2025-04-24T07:40:44.397654
8,747537,0.2023140070443224,benign,0,138,013d407166ec4fa56eb1e1f8cbe183b9,d6a4031733610bb080d0bfa794fcc9dbdcff74834aeaab7c6b927e21e9754037,2025-04-24T07:40:44.397654
7.222461400947063,1772002,0.11803249988054254,benign,0,139,e00da03b685a0dd18fb6a08af0923de0,8d27ba37c5d810106b55f3fd6cdb35842007e88754184bfc0e6035f9bcede633,2025-04-24T07:40:44.397654
6.264361070267365,934350,0.12907011356072604,benign,0,140,1385974ed5904a438616ff7bdb3f7439,dbae772db29058a88f9bd830e957c695347c41b6162a7eb9a9ea13def34be56b,2025-04-24T07:40:44.397654
6.269749958396569,1857940,0.16783868027401974,benign,0,141,0f28b5d49b3020afeecd95b4009adf4c,2c7d5490e6050836f8f2f0d496b1c8d6a38d4ffac2b898e6e77751bdcd20ebf5,2025-04-24T07:40:44.397654
6.955025474628594,1601551,0.088117622,benign,0,142,a8baa56554f96369ab93e4f3bb068c22,d4ee9f58e5860574ca98e3b4839391e7a356328d4bd6afecefc2381df5f5b41b,2025-04-24T07:40:44.397654
6.935089748696712,312512,0.15114940932348944,benign,0,143,903ce9225fca3e988c2af215d4e544d3,d6f0c71ef0c88e45e4b3a2118fcb83b0def392d759c901e9d755d0e879028727,2025-04-24T07:40:44.397654
5.269813154237133,56246,0.12356370067777774,benign,0,144,0a09c8844ba8f0936c20bd791130d6b6,5ec1a0c99d428601ce42b407ae9c675e0836a8ba591c8ca6e2a2cf5563d97ff0,2025-04-24T07:40:44.397654
6.655715390498967,605422,0.10329603562671263,benign,0,145,2b24d495052a8ce66358eb576b8912c8,be47addbcb8f60566a3d7fd5a36f8195798e2848b368195d9a5d20e007c59a0c,2025-04-24T07:40:44.397654
6.842451877,332627,0.19642976995776001,benign,0,146,a5e00132373a7031000fd987a3c9f87b,0a5b046d07f6f971b7776de682f57c5b9cdc8fa060db7ef59de82e721c8098f4,2025-04-24T07:40:44.397654
6.245477149785707,428861,0.13957908968268506,benign,0,147,8d5e957f297893487bd98fa830fa6413,1d28c120568c10e19b9d8abe8b66d0983fa3d2e11ee7751aca50f83c6f4a43aa,2025-04-24T07:40:44.397654
5.74151889,1709792,0.036345144,benign,0,148,47d1e990583c9c67424d369f3414728e,ec2e990b934dde55cb87300629cedfc21b15cd28bbcf77d8bbdc55359d7689da,2025-04-24T07:40:44.397654
6.508054172584699,470950,0.14339343438620325,benign,0,149,f2217062e9a397a1dca429e7d70bc6ca,05ada863a4cf9660fd8c68e2295f1d35b2264815f5b605003d6625bd9e0492cf,2025-04-24T07:40:44.397654
8,459076,0.13061180588715435,benign,0,150,7ef605fc8dba5425d6965fbd4c8fbe1f,9ae2bdd7beedc2e766c6b76585530e16925115707dc7a06ab5ee4aa2776b2c7b,2025-04-24T07:40:44.397654
6.172329757726876,167052,0.20495251299573264,benign,0,151,a8f15eda80c50adb0e71943adc8015cf,8e612bd1f5d132a339575b8dafb7842c64614e56bcf3d5ab65a0bc4b34329407,2025-04-24T07:40:44.397654
7.001847771347173,60074,0.16054545007314966,benign,0,152,37a749d808e46495a8da1e5352d03cae,043066daf2109523a7490d4bfad4766da5719950a2b5f96d192fc0537e84f32a,2025-04-24T07:40:44.397654
6.147028576,624161,0.17405679947951966,benign,0,153,b3e3e393c77e35a4a3f3cbd1e429b5dc,620c9c332101a5bae955c66ae72268fbcd3972766179522c8deede6a249addb7,2025-04-24T07:40:44.397654
5.825459466532339,1455267,0.15317390669469352,benign,0,154,1d7f7abc18fcb43975065399b0d1e48e,1d0ebea552eb43d0b1e1561f6de8ae92e3de7f1abec52399244d1caed7dbdfa6,2025-04-24T07:40:44.397654
6.3364935743849236,1492377,0.2033625577190904,benign,0,155,2a79ea27c279e471f4d180b08d62b00a,210e3b160c355818509425b9d9e9fd3ea2e287f2c43a13e5be8817140db0b9e6,2025-04-24T07:40:44.397654
6.6594664558479035,434581,0.032108017005602646,benign,0,156,1c9ac0159c94d8d0cbedc973445af2da,0fecf9247f3ddc84db8a804fa3065c013baf6b7c2458c2ba2bf56c2e1d42ddd4,2025-04-24T07:40:44.397654
7.165964796,1186481,0.090979252,benign,0,157,6c4b761a28b734fe93831e3fb400ce87,c75de23d89df36ba921287616ee8edb4c986e328a78e033e57c1e5e2b59c838e,2025-04-24T07:40:44.397654
5.622192988752053,407416,0.049061539,benign,0,158,06409663226af2f3114485aa4e0a23b4,7ed8f0f3b707956d9fb1e889e11153e0aa0a854983081d262fbe5eede32da7ca,2025-04-24T07:40:44.397654
6.707690355,536887,0.13078703956658067,benign,0,159,140f6969d5213fd0ece03148e62e461e,ff2ccb6ba423d356bd549ed4bfb76e96976a0dcde05a09996a1cdb9f83422ec4,2025-04-24T07:40:44.397654
6.227490653903451,1164268,0.19454673817425341,benign,0,160,b73ce398c39f506af761d2277d853a92,a512db2741cd20693e4b16f19891e72b9ff12cead72761fc5e92d2aaf34740c1,2025-04-24T07:40:44.397654
6.549157330709479,459671,0.14600874607216408,benign,0,161,bd4c9ab730f5513206b999ec0d90d1fb,bb668ca95563216088b98a62557fa1e26802563f3919ac78ae30533bb9ed422c,2025-04-24T07:40:44.397654
7.427784585025195,336508,0.13454956664820397,benign,0,162,82aa4b0af34c2313a562076992e50aa3,79d6eaa2676189eb927f2e16a70091474078e2117c3fc607d35cdc6b591ef355,2025-04-24T07:40:44.397654
6.3319351621897395,413528,0.22955186175611855,benign,0,163,0777d5c17d4066b82ab86dff8a46af6f,3d3286f7cd19074f04e514b0c6c237e757513fb32820698b790e1dec801d947a,2025-04-24T07:40:44.397654
7.322236367,95620,0.11611192809332399,benign,0,164,fa7cdfad1a5aaf8370ebeda47a1ff1c3,3f9807cb9ae9fb6c30942af6139909d27753a5e03fe5a5c6e93b014f5b17366f,2025-04-24T07:40:44.397654
5.553624008925649,336408,0.061419124,benign,0,165,9766527f2b5d3e95d4a733fcfb77bd7e,bc52dd634277c4a34a2d6210994a9a5e2ab6d33bb4a3a8963410e00ca6c15a02,2025-04-24T07:40:44.397654
5.8703802310897775,1162057,0.18928503984264902,benign,0,166,7e7757b1e12abcb736ab9a754ffb617a,e0f05da93a0f5a86a3be5fc0e301606513c9f7e59dac2357348aa0f2f47db984,2025-04-24T07:40:44.397654
6.793652585,123420,0.1120735429481699,benign,0,167,5878a7ab84fb43402106c575658472fa,73d3f1ba062585bce51f77d70a26be88c44b55d70f81b8bd7e2ded030ca4454a,2025-04-24T07:40:44.397654
6.729525087423667,791537,0.097401094,benign,0,168,006f52e9102a8d3be2fe5614f42ba989,80c3cd40fa35f9088b8741bd8be6153de05f661cfeeb4625ffbf5f4a6c3c02c4,2025-04-24T07:40:44.397654
5.264597216571627,70355,0.19045812342224755,benign,0,169,3636638817772e42b59d74cff571fbb3,f57e5cb1f4532c008183057ecc94283801fcb5afe2d1c190e3dfd38c4da08042,2025-04-24T07:40:44.397654
6.257144020818892,1006767,0.069183698,benign,0,170,149e9677a5989fd342ae44213df68868,734d0759cdb4e0d0a35e4fd73749aee287e4fdcc8648b71a8d6ed591b7d4cb3f,2025-04-24T07:40:44.397654
6.700645454901654,1267977,0.2076369201112289,benign,0,171,a4a042cf4fd6bfb47701cbc8a1653ada,284de502c9847342318c17d474733ef468fbdbe252cddf6e4b4be0676706d9d0,2025-04-24T07:40:44.397654
6.77297993,1830279,0.14728761442335553,benign,0,172,1ff8a7b5dc7a7d1f0ed65aaa29c04b1e,68519a9eca55c68c72658a2a1716aac3788c289859d46d6f5c3f14760fa37c9e,2025-04-24T07:40:44.397654
5.469536224186497,1724688,0.10164026062256246,benign,0,173,f7e6c85504ce6e82442c770f7c8606f0,4a8596a7790b5ca9e067da401c018b3206befbcf95c38121854d1a0158e7678a,2025-04-24T07:40:44.397654
7.325790200338457,1281720,0.1503308086384017,benign,0,174,bf8229696f7a3bb4700cfddef19fa23f,41e521adf8ae7a0f419ee06e1d9fb794162369237b46f64bf5b2b9969b0bcd2e,2025-04-24T07:40:44.397654
6.182089052424047,1585742,0.1677291852412538,benign,0,175,82161242827b703e6acf9c726942a1e4,dac53c17c250fd4d4d81eaf6d88435676dac1f3f3896441e277af839bf50ed8a,2025-04-24T07:40:44.397654
5.162840366634555,1260246,0.089377726,benign,0,176,38af86134b65d0f10fe33d30dd76442e,cba28b89eb859497f544956d64cf2ecf29b76fe2ef7175b33ea59e64293a4461,2025-04-24T07:40:44.397654
6.033335031432414,1776177,0.1889666648636222,benign,0,177,96da2f590cd7246bbde0051047b0d6f7,8cd2510271575d8430c05368315a87b9c4784c7389a47496080c1e615a2a00b6,2025-04-24T07:40:44.397654
5.830408483363004,1196011,0.14700104945898534,benign,0,178,8f85517967795eeef66c225f7883bdcb,01d54579da446ae1e75cda808cd188438834fa6249b151269db0f9123c9ddc61,2025-04-24T07:40:44.397654
7.013778791975783,636286,0.089158117,benign,0,179,8f53295a73878494e9bc8dd6c3c7104f,3068430da9e4b7a674184035643d9e19af3dc7483e31cc03b35f75268401df77,2025-04-24T07:40:44.397654
7.2840267790911515,1298652,0.1996238079299196,benign,0,180,045117b0e0a11a242b9765e79cbf113f,7b69759630f869f2723875f873935fed29d2d12b10ef763c1c33b8e0004cb405,2025-04-24T07:40:44.397654
6.675975686137887,1905122,0.068318103,benign,0,181,fc221309746013ac554571fbd180e1c8,580811fa95269f3ecd4f22d176e079d36093573680b6ef66fa341e687a15b5da,2025-04-24T07:40:44.397654
5.727247211793631,552213,0.12408973911270074,benign,0,182,4c5bde74a8f110656874902f07378009,bfa7634640c53da7cb5e9c39031128c4e583399f936896f27f999f1d58d7b37e,2025-04-24T07:40:44.397654
5.969285609897804,151341,0.080508626,benign,0,183,cedebb6e872f539bef8c3f919874e9d7,b8aed072d29403ece56ae9641638ddd50d420f950bde0eefc092ee8879554141,2025-04-24T07:40:44.397654
7.286334461203593,974266,0.22654762861724626,benign,0,184,6cdd60ea0045eb7a6ec44c54d29ed402,52f11620e397f867b7d9f19e48caeb64658356a6b5d17138c00dd9feaf5d7ad6,2025-04-24T07:40:44.397654
6.271636074286938,546348,0.1951729047126084,benign,0,185,eecca5b6365d9607ee5a9d336962c534,61a229bae1e90331edd986b6bbbe617f7035de88a5bf7c018c3add6c762a6e8d,2025-04-24T07:40:44.397654
6.1688846319652715,282087,0.16908473339720864,benign,0,186,9872ed9fc22fc182d371c3e9ed316094,2811745d7b8d8874f6e653d176cefdd19e05e920ce389b9b7e83e5b2dfa546c7,2025-04-24T07:40:44.397654
7.212625770746934,851016,0.06346947,benign,0,187,31fefc0e570cb3860f2a6d4b38c6490d,38b2d03f3256502b1e9db02b2d12aa27a46033ffe6d8c0ef0f2cf6b1530be9d8,2025-04-24T07:40:44.397654
5.203721139748573,1044725,0.1059297726593603,benign,0,188,9dcb88e0137649590b755372b040afad,d6061bbee6cf13bd73765faaea7cdd0af1323e4b125342ac346047f7c4bda1fc,2025-04-24T07:40:44.397654
6.784150967492833,1792914,0.14935570210830504,benign,0,189,a2557a7b2e94197ff767970b67041697,7045d16ae7f043ec25774a0a85d6f479e5bb019e9c5a1584bc76736d116b8f33,2025-04-24T07:40:44.397654
7.2391479266222625,565583,0.11763360611213158,benign,0,190,cfecdb276f634854f3ef915e2e980c31,2397346b45823e070f6fc72ac94c0a999d234c472479f0e26b30cdf5942db854,2025-04-24T07:40:44.397654
6.650572362411977,66114,0.15482714398034747,benign,0,191,0aa1883c6411f7873cb83dacb17b0afc,70260742c2952154c84e2ea9f68b1a7397f49b6d343da1ed284093c0bd72c742,2025-04-24T07:40:44.397654
4.846266866930156,327564,0.20744558615727665,benign,0,192,58a2fc6ed39fd083f55d4182bf88826d,eb3be230bbd2844b1f5d8f2e4fab9ffba8ab22cfeeb69c4c1361993ba4f377b9,2025-04-24T07:40:44.397654
7.181774350680619,376117,0.090055635,benign,0,193,bd686fd640be98efaae0091fa301e613,684fe39f03758de6a882ae61fa62312b67e5b1e665928cbf3dc3d8f4f53e3562,2025-04-24T07:40:44.397654
6.471970285645088,190242,0.1738156808048832,benign,0,194,a597e50502f5ff68e3e25b9114205d4a,7559ca4a957c8c82ba04781cd66a68d6022229fca0e8e88d8e487c96ee4446d0,2025-04-24T07:40:44.397654
6.47847227,1155047,0.11299425379088704,benign,0,195,0336dcbab05b9d5ad24f4333c7658a0e,1dfacb2ea5a03e0a915999e03b5a56196f1b1664d2f768d1b7eff60ac059789d,2025-04-24T07:40:44.397654
6.024608888080366,1635053,0.13859188178323584,benign,0,196,084b6fbb10729ed4da8c3d3f5a3ae7c9,b4bbe448fde336bb6a7d7d765f36d3327c772b845e7b54c8282aa08c9775ddd7,2025-04-24T07:40:44.397654
6.003309118266994,37699,0.11338274337785574,benign,0,197,85d8ce590ad8981ca2c8286f79f59954,8bcbb4c131df56f7c79066016241cc4bdf4e58db55c4f674e88b22365bd2e2ad,2025-04-24T07:40:44.397654
5.914726640369786,1446374,0.1615454740764675,benign,0,198,0e65972dce68dad4d52d063967f0a705,a4e00d7e6aa82111575438c5e5d3e63269d4c475c718b2389f6d02932c47f8a6,2025-04-24T07:40:44.397654
6.121494987,226094,0.15865839245608931,benign,0,199,84d9ee44e457ddef7f2c4f25dc8fa865,5a39cadd1b007093db50744797c7a04a34f73b35ed444704206705b02597d6fd,2025-04-24T07:40:44.397654
6.880532367837462,698147,0.099990902,benign,0,200,3644a684f98ea8fe223c713b77189a77,27badc983df1780b60c2b3fa9d3a19a00e46aac798451f0febdca52920faaddf,2025-04-24T07:40:44.397654
6.491698889230063,1068915,0.2464093153366597,benign,0,201,757b505cfd34c64c85ca5b5690ee5293,43974ed74066b207c30ffd0fed5146762e6c60745ac977004bc14507c7c42b50,2025-04-24T07:40:44.397654
6.288277238099818,1003721,0.24518142197639708,benign,0,202,854d6fae5ee42911677c739ee1734486,c17edaae86e4016a583e098582f6dbf3eccade8ef83747df9ba617ded9d31309,2025-04-24T07:40:44.397654
6.786637801496092,951134,0.18910601726628862,benign,0,203,e2c0be24560d78c5e599c2a9c9d0bbd2,4621c1d55fa4e86ce0dae4288302641baac86dd53f76227c892df9d300682d41,2025-04-24T07:40:44.397654
6.120951090918316,1012939,0.17604488360847756,benign,0,204,274ad4786c3abca69fa097b85867d9a4,fc56dbc6d4652b315b86b71c8d688c1ccdea9c5f1fd07763d2659fde2e2fc49a,2025-04-24T07:40:44.397654
7.0042816938668295,1675012,0.211928216,benign,0,205,eae27d77ca20db309e056e3d2dcd7d69,f8809aff4d69bece79dabe35be0c708b890d7eafb841f121330667b77d2e2590,2025-04-24T07:40:44.397654
6.635447143252395,368872,0.20701467404358004,benign,0,206,7eabe3a1649ffa2b3ff8c02ebfd5659f,5cf4e26bd3d87da5e03f80a43a64f1220a1f4ba9e1d6348caea83c06353c3f39,2025-04-24T07:40:44.397654
5.557753136563869,1692635,0.10344928749376102,benign,0,207,69adc1e107f7f7d035d7baf04342e1ca,968076be2e38cf897d4d6cea3faca9c037e1a4e3b4b7744fb2533e07751bd30a,2025-04-24T07:40:44.397654
6.528080945640477,1800004,0.1514037765349779,benign,0,208,091d584fced301b442654dd8c23b3fc9,8df66f64b57424391d363fd6b811fed3c430c77597da265025728bd637bad804,2025-04-24T07:40:44.397654
5.636049266731719,682743,0.1381618197127346,benign,0,209,b1d10e7bafa4421218a51b1e1f1b0ba2,83f814f7a92e365cbd79f9addceed185761a8d38a06a2d4350bb1fe4b7632b34,2025-04-24T07:40:44.397654
6.803231115409127,339482,0.26946095658096214,benign,0,210,6f3ef77ac0e3619e98159e9b6febf557,d29d53701d3c859e29e1b90028eec1ca8e2f29439198b6e036c60951fb458aa1,2025-04-24T07:40:44.397654
5.2832077394666666,1888243,0.1565861923111166,benign,0,211,eb163727917cbba1eea208541a643e74,093434a3ee9e0a010bb2c2aae06c2614dd24894062a1caf26718a01e175569b8,2025-04-24T07:40:44.397654
6.201289895256753,1476630,0.20957265890310045,benign,0,212,1534b76d325a8f591b52d302e7181331,fa2b7af0a811b9acde602aacb78e3638e8506dfead5fe6c3425b10b526f94bdd,2025-04-24T07:40:44.397654
6.469308583546651,796225,0.14260152501328668,benign,0,213,979d472a84804b9f647bc185a877a8b5,d48ff4b2f68a10fd7c86f185a6ccede0dc0f2c48538d697cb33b6ada3f1e85db,2025-04-24T07:40:44.397654
5.8396060693946374,1779015,0.17645077900900427,benign,0,214,ca46c1b9512a7a8315fa3c5a946e8265,802b906a18591ead8a6dd809b262ace4c65c16e89764c40ae326cfcff811e10c,2025-04-24T07:40:44.397654
6.750758335415717,1628582,0.16155286642215994,benign,0,215,3b8a614226a953a8cd9526fca6fe9ba5,d86580a57f7bf542e85202283cb845953c9d28f80a8e651db08b2fc0b2d6a731,2025-04-24T07:40:44.397654
6.5105838899566955,779585,0.12625429076034014,benign,0,216,45fbc6d3e05ebd93369ce542e8f2322d,0f4121d0ef1df4c86854c7ebb47ae1c93de8aec8f944035eeaa6495dd71a0678,2025-04-24T07:40:44.397654
8,266876,0.19088014356260663,benign,0,217,63dc7ed1010d3c3b8269faf0ba7491d4,16badfc6202cb3f8889e0f2779b19218af4cbb736e56acadce8148aba9a7a9f8,2025-04-24T07:40:44.397654
7.435717030863493,977450,0.21555592455211256,benign,0,218,e96ed478dab8595a7dbda4cbcbee168f,5966abd0cbfc86f98a186531b2b4ee5f6e910120ce13222f98207203dfc9a9a2,2025-04-24T07:40:44.397654
6.742939548752304,1162020,0.12142245885991607,benign,0,219,c0e190d8267e36708f955d7ab048990d,314f04b30f62e0056bd059354a5536fb2e302107eed143b5fa2aa0bbba07f608,2025-04-24T07:40:44.397654
5.670370233,869303,0.14206134640071633,benign,0,220,ec8ce6abb3e952a85b8551ba726a1227,36790ecd55c2030dc553685bef719df653f413a20cdad1bfd1dc934c76686ddd,2025-04-24T07:40:44.397654
6.158300780768517,692614,0.091881525,benign,0,221,060ad92489947d410d897474079c1477,67e9c3acebb154a282f326d4ff1951cd1f342e58e74d562b556b517da5e56132,2025-04-24T07:40:44.397654
5.608241300417638,1915329,0.23894757442767878,benign,0,222,bcbe3365e6ac95ea2c0343a2395834dd,9b871512327c09ce91dd649b3f96a63b7408ef267c8cc5710114e629730cb61f,2025-04-24T07:40:44.397654
6.435490636401964,824747,0.15273591495877284,benign,0,223,115f89503138416a242f40fb7d7f338e,56f4da26ed956730309fa1488611ee0f13b0ac95ebb1bc9b5d210e31ff70e79c,2025-04-24T07:40:44.397654
7.092120845462419,583687,0.19775621164733653,benign,0,224,13fe9d84310e77f13a6d184dbf1232f3,84a5092e4a5b6fe968fd523fb2fc917dbffae44105f82b6b94c8ed5b9a800223,2025-04-24T07:40:44.397654
5.889997221992045,1020832,0.1937961229166522,benign,0,225,d1c38a09acc34845c6be3a127a5aacaf,0e6523810856a138a75dec70a9cf3778a5c70b83ac915f22c33f05db97cb3e68,2025-04-24T07:40:44.397654
6.034728228455878,1416188,0.18232960133860565,benign,0,226,9cfdf10e8fc047a44b08ed031e1f0ed1,8f1f64db81c40ea10e1e9080c9ae60a7acb8925968c431ee16784dea9841c66f,2025-04-24T07:40:44.397654
6.5297114637241505,925481,0.2230972996148528,benign,0,227,705f2172834666788607efbfca35afb3,dfe62e836a0a6f2633422230c81287700a56e2639652c73f264e6562220c207a,2025-04-24T07:40:44.397654
7.190933079270168,37961,0.1702203614772349,benign,0,228,74db120f0a8e5646ef5a30154e9f6deb,9d693eeee1d1899cbc50b6d45df953d3835acf28ee869879b45565fccc814765,2025-04-24T07:40:44.397654
6.019980341202891,601752,0.18592659466667683,benign,0,229,57aeee35c98205091e18d1140e9f38cf,08490295488a1189099751ebeddb5992313dd2a831e07a92e66d196ddc261777,2025-04-24T07:40:44.397654
6.023883141939518,1999468,0.11797372971825126,benign,0,230,6da9003b743b65f4c0ccd295cc484e57,a0eaec5a55dc2f5b2ba523018adc485ff620b9d83509b9f37186a7716e438d21,2025-04-24T07:40:44.397654
5.544494953,959910,0.14370426244761939,benign,0,231,9b04d152845ec0a378394003c96da594,138d9e809e386a7b800791d1f664f56d1c55f3d1ba411b950862729bc486c5ce,2025-04-24T07:40:44.397654
5.419458572768139,999467,0.1439481082923312,benign,0,232,be83ab3ecd0db773eb2dc1b0a17836a1,835d5e8314340ab852a2f979ab4cd53e994dbe38366afb6eed84fe4957b980c8,2025-04-24T07:40:44.397654
6.899335481,649727,0.145670775,benign,0,233,e165421110ba03099a1c0393373c5b43,c0509a487a18b003ba05e505419ebb63e57a29158073e381f57160b5c5b86426,2025-04-24T07:40:44.397654
6.039096682918869,973642,0.11234850160913415,benign,0,234,289dff07669d7a23de0ef88d2f7129e7,114bd151f8fb0c58642d2170da4ae7d7c57977260ac2cc8905306cab6b2acabc,2025-04-24T07:40:44.397654
5.907390703859645,1344783,0.21978754137351625,benign,0,235,577ef1154f3240ad5b9b413aa7346a1e,0a2d643bfd24a028cd236e76575d828424ccffbfa47392bd09d8ca9dc85e2f8d,2025-04-24T07:40:44.397654
6.882568163619241,1011247,0.13397603042664738,benign,0,236,01161aaa0b6d1345dd8fe4e481144d84,9a049b03f6fc40bfcf2f136320359257ed4af8513f71aa6fef47f17059bbae23,2025-04-24T07:40:44.397654
6.2312921897284355,585099,0.16811357921218875,benign,0,237,539fd53b59e3bb12d203f45a912eeaf2,f0bc318fb8965cad8d73d578cd03c63b7987dc6a79b906aada091e1b6a13443f,2025-04-24T07:40:44.397654
6.715448785228981,1216672,0.15503781877380615,benign,0,238,ac1dd209cbcc5e5d1c6e28598e8cbbe8,8ae4c23b80d1e7c8ff79e515fe791ebd68190bae842dda7af193db125f700452,2025-04-24T07:40:44.397654
8,507768,0.13630525057967338,benign,0,239,555d6702c950ecb729a966504af0a635,79bf08685d3138f9b109c3546780f056bc954fd69377b84a2cf23622e464897b,2025-04-24T07:40:44.397654
7.707882483,787409,0.1464941285790065,benign,0,240,335f5352088d7d9bf74191e006d8e24c,6af1f692e9496c6d0b668316eccb93276ae6b6774fa728aac31ff40a38318760,2025-04-24T07:40:44.397654
7.4033227952268845,920090,0.14586615106450573,benign,0,241,f340f1b1f65b6df5b5e3f94d95b11daf,749fc650cacb0f06547520d53c31505c8156e0a3be07073eddb2ef3ad9e383ba,2025-04-24T07:40:44.397654
7.040295008352654,1241242,0.095650491,benign,0,242,e4a6222cdb5b34375400904f03d8e6a5,14063697603e22d600d336bee6cff12c8be93509ce84a0642918d89b2aef1753,2025-04-24T07:40:44.397654
5.806016013283624,1040341,0.18520525744380886,benign,0,243,cb70ab375662576bd1ac5aaf16b3fca4,72440a20f54075ac43f51a2cf0dbb2a14366b38a5c01b110ae174abc1cb44238,2025-04-24T07:40:44.397654
6.997114210286525,1448792,0.11397276009059618,benign,0,244,9188905e74c28e489b44e954ec0b9bca,82c01ce15b431d420eb6a1febfba7d7a2b69e5bcdcb929cb42cd3e9179d43fc4,2025-04-24T07:40:44.397654
7.075814377819103,497828,0.20467250765414188,benign,0,245,0266e33d3f546cb5436a10798e657d97,011af72a910ac4acf367eef9e6b761e0980842c30d4e9809840f4141d5163ede,2025-04-24T07:40:44.397654
7.004502985052057,786138,0.084631961,benign,0,246,38db3aed920cf82ab059bfccbd02be6a,37c20f19f3272b5ccc3a5d80587eb9deb3f4afcf568c4280fb195568da8eb1a2,2025-04-24T07:40:44.397654
7.375551858564501,1317713,0.087269733,benign,0,247,3cec07e9ba5f5bb252d13f5f431e4bbb,396f804443825586c1283a27fdcadf74abb82008bcd9b260a30912a26563f27d,2025-04-24T07:40:44.397654
6.089579151047702,1063014,0.09619134,benign,0,248,621bf66ddb7c962aa0d22ac97d69b793,766cb53c753baedac5dc782593e04694b3bae3aed057ac2ff98cc1aef6413137,2025-04-24T07:40:44.397654
6.049143437286939,1023448,0.15962442140979718,benign,0,249,077e29b11be80ab57e1a2ecabb7da330,9f484139a27415ae2e8612bf6c65a8101a18eb5e9b7809e74ca63a45a65f17f4,2025-04-24T07:40:44.397654
6.328809401006541,1026575,0.14387102705685234,benign,0,250,6c9882bbac1c7093bd25041881277658,1e472b39b105d349bcd069c4a711b44a2fffb8e274714bb07ecfff69a9a7f67b,2025-04-24T07:40:44.397654
5.5752333198213435,624107,0.08360424,benign,0,251,19f3cd308f1455b3fa09a282e0d496f4,c75d3f1f5bcd6914d0331ce5ec17c0db8f2070a2d4285f8e3ff11c6ca19168ff,2025-04-24T07:40:44.397654
6.188325643869983,98072,0.1687999663684301,benign,0,252,03c6b06952c750899bb03d998e631860,d6e5a20b30f87216b2c758f5e7a23c437dbc3dfa1ccb177c474de152bb0ef731,2025-04-24T07:40:44.397654
5.674698827744408,1161707,0.052192406,benign,0,253,c24cd76e1ce41366a4bbe8a49b02a028,e7866fdc6672f827c76f6124ca3eeaff44aff8b7caf4ee1469b2ab887e7e7875,2025-04-24T07:40:44.397654
5.647089656826972,390987,0.15874847904967307,benign,0,254,c52f1bd66cc19d05628bd8bf27af3ad6,9512d95d00d61bdec03d2b99d6ecc455ee5644ae52d10e7c4a61c93062dc97a3,2025-04-24T07:40:44.397654
7.655223542958342,237068,0.18304399115443587,benign,0,255,fe131d7f5a6b38b23cc967316c13dae2,9556b82499cc0aaf86aee7f0d253e17c61b7ef73d48a295f37d98f08b04ffa7f,2025-04-24T07:40:44.397654
7.748619724967266,176950,0.22524662862612033,benign,0,256,f718499c1c8cef6730f9fd03c8125cab,51e8ea280b44e16934d4d611901f3d3afc41789840acdff81942c2f65009cd52,2025-04-24T07:40:44.397654
6.602347535421021,986791,0.13508756218333098,benign,0,257,d96409bf894217686ba124d7356686c9,4c970004b0678d439f177e77d3cabdb7e9a44df770948ddc2467cbc76b7211c3,2025-04-24T07:40:44.397654
7.557251278501347,1533941,0.074089255,benign,0,258,502e4a16930e414107ee22b6198c578f,a30f4ef42176d28f0e2293533c5f532e9c9c5696c68813b35315d17edc44f6b1,2025-04-24T07:40:44.397654
6.272010881644655,1333722,0.203118716,benign,0,259,cfa0860e83a4c3a763a7e62d825349f7,7c252ab334fb8fd88e8242c4972c21db9c7ce0b47c9acc4ebfe40c14614cb734,2025-04-24T07:40:44.397654
5.497542573,495960,0.12583078650925605,benign,0,260,a4f23670e1833f3fdb077ca70bbd5d66,39bb88f40d3aa2b2fe9dea67be27c74765db0ebb3ff3cf8fb779af6319fa2045,2025-04-24T07:40:44.397654
8,107202,0.16982669369642853,benign,0,261,b1a59b315fc9a3002ce38bbe070ec3f5,e888a676e1926d0c08b5f11fb9116df58b62604b05846f39f8d6fc4dd0ba31f1,2025-04-24T07:40:44.397654
5.366998415248025,1121592,0.184724614,benign,0,262,36660e59856b4de58a219bcf4e27eba3,9e6a72557ada15d02001f024f43f06edc4a31437e0e1bb3eeac36ca2d0c4fda7,2025-04-24T07:40:44.397654
6.007679813624729,219905,0.18104531210788616,benign,0,263,8c19f571e251e61cb8dd3612f26d5ecf,4be84111a613654b362415e563cb7607df7b203b5d303802a8a546061bbc7847,2025-04-24T07:40:44.397654
5.9577264599649435,1800567,0.15286658834023323,benign,0,264,d6baf65e0b240ce177cf70da146c8dc8,bba58959c32abe688d9cb5222b97de973002a67c412d6a8c8d2a79ac692f32b7,2025-04-24T07:40:44.397654
6.496148980912847,206331,0.10457595666949207,benign,0,265,e56954b4f6347e897f954495eab16a88,768b84ef05f655d57fe22d488451f075365f6cd18a13073466aa826cc0ebdbfb,2025-04-24T07:40:44.397654
6.145703721445015,965307,0.098715992,benign,0,266,f7664060cc52bc6f3d620bcedc94a4b6,ea5b27556fbb134def2c2fbf944d9cdda3dbdb6b10473a1aec59f6f170c4ca3a,2025-04-24T07:40:44.397654
6.801144237109599,1514245,0.14208517018807973,benign,0,267,eda80a3d5b344bc40f3bc04f65b7a357,8acc23987b8960d83c44541f9f0eb46454cea080ea94d916f56fccf033db866f,2025-04-24T07:40:44.397654
6.029420290568486,1660894,0.088094702,benign,0,268,8f121ce07d74717e0b1f21d122e04521,8b496bf96bbcc9e5ac11c068b6cfb00c32f9d163bb8a3d5af107217499de997a,2025-04-24T07:40:44.397654
6.173653601,1852505,0.07572984,benign,0,269,06138bc5af6023646ede0e1f7c1eac75,f747870ae666c39b589f577856a0f7198b3b81269cb0326de86d8046f2cf72db,2025-04-24T07:40:44.397654
6.867944599451363,1264425,0.065612805,benign,0,270,39059724f73a9969845dfe4146c5660e,d8d1790737d57ac4fe91a2c0a28087c0a97c81f5dc6b19d5e4aec20c08bb95ae,2025-04-24T07:40:44.397654
5.207402004180884,485683,0.16102129853170674,benign,0,271,7f100b7b36092fb9b06dfb4fac360931,3635a91e3da857f7847f68185a116a5260d2593f3913f6b1b66cc2d75b0d6ec0,2025-04-24T07:40:44.397654
5.402691132953439,1851919,0.1040573416525774,benign,0,272,7a614fd06c325499f1680b9896beedeb,1c6c0bb2c7ecdc3be8e134f79b9de45155258c1f554ae7542dce48f5cc8d63f0,2025-04-24T07:40:44.397654
5.945985204431723,1691573,0.18592073421873087,benign,0,273,4734ba6f3de83d861c3176a6273cac6d,303c8bd55875dda240897db158acf70afe4226f300757f3518b86e6817c00022,2025-04-24T07:40:44.397654
5.588563855228203,562790,0.12759441821765638,benign,0,274,d947bf06a885db0d477d707121934ff8,718127812c05853f0bec61582a4a3840b1c844fe11fe1a004b5b7eb8b8b59846,2025-04-24T07:40:44.397654
5.917104233006009,1845978,0.18826694305923755,benign,0,275,63923f49e5241343aa7acb6a06a751e7,3a1dfb05d7257530e6349233688c3e121945c5de50f1273a7620537755d61e45,2025-04-24T07:40:44.397654
6.377425793604429,637625,0.16222033690099794,benign,0,276,db8e1af0cb3aca1ae2d0018624204529,c76b405781134be1dab7fe45adfb8c32104805a01de7b863e1004b66d56edf9f,2025-04-24T07:40:44.397654
7.067755472805001,1257399,0.1523557843537089,benign,0,277,20f07591c6fcb220ffe637cda29bb3f6,27d719c754aacd492a6dc8a1b76619355abcf5ef473cbec02018d3c57ebbf0d5,2025-04-24T07:40:44.397654
5.084026891233412,935627,0.10223920897754862,benign,0,278,07cdfd23373b17c6b337251c22b7ea57,ee62de25ccc2b55d3a0495244b246fb97055b6f1c2697d837b8e94976c03756f,2025-04-24T07:40:44.397654
7.5632643972712374,427543,0.1654775844368104,benign,0,279,d395771085aab05244a4fb8fd91bf4ee,efd96aedf377e20afd95285a7c751a864260bd6a149656a4040c5b7757bdbbb6,2025-04-24T07:40:44.397654
5.869769927002146,1578961,0.10503313250106419,benign,0,280,92c8c96e4c37100777c7190b76d28233,7f0a22117f8fe0172cf9209ff622b64a51aaeda21d58b5b62685a93dbe2dad25,2025-04-24T07:40:44.397654
6.954888673691793,1917499,0.13205166369372168,benign,0,281,e3796ae838835da0b6f6ea37bcf8bcb7,71a1c003a2b855d85582c8f6c7648c49d3fe836408a7e1b5d9b222448acb3c1b,2025-04-24T07:40:44.397654
5.779819428,1857039,0.14262862093271492,benign,0,282,6a9aeddfc689c1d0e3b9ccc3ab651bc5,27e1615212f3c6ea846ed6c412df1361ce97f006ee20bb5aa2483a3b61d5cadd,2025-04-24T07:40:44.397654
6.9301123355230345,414121,0.11508882475580354,benign,0,283,0f49c89d1e7298bb9930789c8ed59d48,e0850a775c17a87060c0cf6efad1020e0cbef5a44ba942bef6add5776598de53,2025-04-24T07:40:44.397654
7.517465862906082,1364533,0.20891742901866434,benign,0,284,46ba9f2a6976570b0353203ec4474217,1e68ed4e3d58a51096a7feea3947f40debf1fd9246ec977eb62ab93c81823ad9,2025-04-24T07:40:44.397654
6.623991352540632,50062,0.16113105758516133,benign,0,285,0e01938fc48a2cfb5f2217fbfb00722d,a0d177b4967a6d99f4ff117defe1c0d23d4e78ca4630febcb948ee9e4520eff3,2025-04-24T07:40:44.397654
6.117246381751561,435805,0.1319583932815787,benign,0,286,16a5cdae362b8d27a1d8f8c7b78b4330,00328ce57bbc14b33bd6695bc8eb32cdf2fb5f3a7d89ec14a42825e15d39df60,2025-04-24T07:40:44.397654
6.21036046,1996944,0.1802851770577347,benign,0,287,918317b57931b6b7a7d29490fe5ec9f9,d7cdaa5ca0582076c8e772cce739e32c5077cfd24f2ea33f04bb754594989a56,2025-04-24T07:40:44.397654
7.346811075080443,126795,0.14660278144150904,benign,0,288,48aedb8880cab8c45637abc7493ecddd,23c657f2efda7731a3c1990b25f318fa2eb1332208f97ab9cc2a7eac70ab5a76,2025-04-24T07:40:44.397654
6.442512317888416,1691008,0.18989577186783008,benign,0,289,839ab46820b524afda05122893c2fe8e,af180e4359fc6179dc953abdcbdcaf7c146b53e1bee2b335e50dead11ccefa07,2025-04-24T07:40:44.397654
8,311094,0.17723417379992487,benign,0,290,f90f2aca5c640289d0a29417bcb63a37,09895de0407bcb0386733daa14bdb5dfa544505530c634334a05a60f161b71fc,2025-04-24T07:40:44.397654
5.282240464,1231639,0.095999877,benign,0,291,9c838d2e45b2ad1094d42f4ef36764f6,33512007840ced1bb0aab68f47cb5f702abd494a15f26bcbe26a1e47af03d841,2025-04-24T07:40:44.397654
7.422137823340737,1177090,0.11142346805673495,benign,0,292,1700002963a49da13542e0726b7bb758,6db6eb4af1e18ab81d3878e44672185d60ca8c988c9e2f7783de220735534c33,2025-04-24T07:40:44.397654
7.3049676419289815,547220,0.20789936449182794,benign,0,293,53c3bce66e43be4f209556518c2fcb54,7cb676d57114874e00c536916e6dcad2a5d3cb8c9a5abc06335df359cd9a6ef9,2025-04-24T07:40:44.397654
7.127784452831281,1371646,0.1556452385361497,benign,0,294,6883966fd8f918a4aa29be29d2c386fb,2cfc8ccbd7c0b17615323b41e815651ff2ae9ffae45a4599c0499b98ff940429,2025-04-24T07:40:44.397654
6.653964660448652,175544,0.10112747749318782,benign,0,295,49182f81e6a13cf5eaa496d51fea6406,9cfd3c755be26b4e1645918e2a64a26e3d851ede421e0b257f783b443bc443d1,2025-04-24T07:40:44.397654
6.568891550449366,1290708,0.087755288,benign,0,296,d296c101daa88a51f6ca8cfc1ac79b50,a0f8b2c4cb1ac82abdb37f0fe5203b97be556c4468c83bba18684d620fd8eaf9,2025-04-24T07:40:44.397654
6.207829530999096,1735320,0.1881952161235607,benign,0,297,9fd81843ad7f202f26c1a174c7357585,4c15f47afe7f817fd559e12ddbc276f4930c5822f2049088d6f6605bec7cea56,2025-04-24T07:40:44.397654
5.940385976780203,157177,0.1761521886010837,benign,0,298,26e359e83860db1d11b6acca57d8ea88,76ebdb6d45c61ca12e622118cc90939ade672adf7890aa2b246405d4884dd75a,2025-04-24T07:40:44.397654
6.519656629527235,1495036,0.15772308520304865,benign,0,299,ef0d3930a7b6c95bd2b32ed45989c61f,308831041ea4863c3f87d222c31f759411898c874a9006b4bd6c745858b8f3bd,2025-04-24T07:40:44.397654
5.482023994941111,356963,0.073661505,benign,0,300,94f6d7e04a4d452035300f18b984988c,983bd614bb5afece5ab3b6023f71147cd7b6bc2314f9d27af7422541c6558389,2025-04-24T07:40:44.397654
6.270029954898172,678436,0.14378731243463022,benign,0,301,34ed066df378efacc9b924ec161e7639,c3ea99f86b2f8a74ef4145bb245155ff5f91cd856f287523481c15a1959d5fd1,2025-04-24T07:40:44.397654
5.459422510897215,375718,0.075394916,benign,0,302,577bcc914f9e55d5e4e4f82f9f00e7d4,f32828acecb4282c87eaa554d2e1db74e418cd6845843012463a3324028bdd9d,2025-04-24T07:40:44.397654
5.152114826041638,1904825,0.094882139,benign,0,303,11b9842e0a271ff252c1903e7132cd68,8bd9c0d453533757387ed019c45617cdc440ba680a67b1a101c85b998ef715c0,2025-04-24T07:40:44.397654
6.645112527790897,1923434,0.10525810352686817,benign,0,304,37bc2f75bf1bcfe8450a1a41c200364c,d874e4e4a5df21173b0f83e313151f813bea4f488686efe670ae47f87c177595,2025-04-24T07:40:44.397654
6.000139006825486,1490362,0.19423660792500783,benign,0,305,496e05e1aea0a9c4655800e8a7b9ea28,090d3859ff6840b2280f4708cf08cdaed873d967183a4d1deedc1a7964a21eee,2025-04-24T07:40:44.397654
4.430453959802822,863759,0.11493209814993297,benign,0,306,b2eb7349035754953b57a32e2841bda5,38b83caefa1ef26940f1d07bd4ec94c60809b0f88f2118e82ef8ec2d98938a84,2025-04-24T07:40:44.397654
5.386781903968714,557697,0.047055116785398324,benign,0,307,8e98d81f8217304975ccb23337bb5761,6d976934be74941fba578b143ba964eded443d10384e3f3d62a1ba7b4d339df8,2025-04-24T07:40:44.397654
6.475896720380568,106131,0.15847430794423495,benign,0,308,a8c88a0055f636e4a163a5e3d16adab7,48a1706eca5ee6148f748ca91a0f7db6ebcf59943532044a7bf60bbe44e5b1d2,2025-04-24T07:40:44.397654
6.2288752659195685,1016430,0.1628653046148351,benign,0,309,eddea82ad2755b24c4e168c5fc2ebd40,43c727ee4fc7250574d2ef90cfa16626388a10e1b30d36ece1c272953ad2ed9e,2025-04-24T07:40:44.397654
6.6925973984789815,1556092,0.1465747289957234,benign,0,310,06eb61b839a0cefee4967c67ccb099dc,226f76b55acb49701e06ded1d95165d179458f6fc37f5c6fc760ae30dec1c378,2025-04-24T07:40:44.397654
6.726516494247438,1695487,0.1256505348962243,benign,0,311,9dfcd5e558dfa04aaf37f137a1d9d3e5,20e9c64c05a54d199610fb7e38135361324b5ed5dcf39c23afe9b48926c07376,2025-04-24T07:40:44.397654
6.920915105755415,1541294,0.10987480729179586,benign,0,312,950a4152c2b4aa3ad78bdd6b366cc179,865736a1c30a82dc67aba820360a01b1d9d0da5643234cd07c4d60b06eb530c5,2025-04-24T07:40:44.397654
7.661655791847243,708663,0.07672704,benign,0,313,158f3069a435b314a80bdcb024f8e422,8efbbe9bc19ad2e043c6cdb187c0a0fedde70b6458443ce0b5648ec04ccf4cdf,2025-04-24T07:40:44.397654
6.326640592618213,65369,0.16735646585019107,benign,0,314,758874998f5bd0c393da094e1967a72b,748064be03a08df81e31bd6f9e7e7c4cc9f84b4401b9a3c6e85b7ff816d3ba68,2025-04-24T07:40:44.397654
5.499364239411757,1896885,0.087238035,benign,0,315,ad13a2a07ca4b7642959dc0c4c740ab6,377adeb4cd4096adc7ca64b533938cffc6294a9b3534f883b2336a26252cda9a,2025-04-24T07:40:44.397654
5.798164106205898,601332,0.30591838217969797,benign,0,316,3fe94a002317b5f9259f82690aeea4cd,7a20311cf7a4b222d436424480bc65dd0f9d2cefcbbb1fa148ca0d7e1d5bb55a,2025-04-24T07:40:44.397654
5.9367032755090925,125696,0.1274099976822493,benign,0,317,5b8add2a5d98b1a652ea7fd72d942dac,8d1ede4f889e0ed6f0823d8c1821905b9de37a0f851dc270df0dbf72b3c93641,2025-04-24T07:40:44.397654
7.377061730589492,1294647,0.19760125701433878,benign,0,318,432aca3a1e345e339f35a30c8f65edce,aae02129362d611717b6c00ad8d73bf820a0f6d88fca8e515cafe78d3a335965,2025-04-24T07:40:44.397654
6.140821755708036,141557,0.12011477811548804,benign,0,319,8d3bba7425e7c98c50f52ca1b52d3735,156091ee0884f36de9836d58b6f05f357ec6ef0620c571577ac61f7beac35f8e,2025-04-24T07:40:44.397654
7.591564908070562,1536445,0.18370613681339798,benign,0,320,320722549d1751cf3f247855f937b982,88820462180e5c893eff2ed73f4ec33e205d1cd5acc4d17fa7b2bca2495d3448,2025-04-24T07:40:44.397654
5.814466057529195,160506,0.19939339217870816,benign,0,321,caf1a3dfb505ffed0d024130f58c5cfa,8d23cf6c86e834a7aa6eded54c26ce2bb2e74903538c61bdd5d2197997ab2f72,2025-04-24T07:40:44.397654
6.9015493398510745,750018,0.156267936,benign,0,322,5737c6ec2e0716f3d8a7a5c4e0de0d9a,f10d91a7596bf5a6773579ff1306afdc363b0be08602c768907c09261cad3a56,2025-04-24T07:40:44.397654
7.0818616181528045,963747,0.16566172025883585,benign,0,323,bc6dc48b743dc5d013b1abaebd2faed2,3949ac1596ec77106a709a618bf5adcb19b77537ce8bcbdf54ff830169cdd084,2025-04-24T07:40:44.397654
6.435461032962438,1174136,0.14398421356352453,benign,0,324,f2fc990265c712c49d51a18a32b39f0c,1038e0b72d98745fac0fb015fd9c56704862adf11392936242a2ff5a65629f50,2025-04-24T07:40:44.397654
6.060472618928491,1402124,0.20798991583691134,benign,0,325,89f0fd5c927d466d6ec9a21b9ac34ffa,9e11c362bc3d3572970b973d5cd86c073da358b6f9bceaa3be65d1a6487f8819,2025-04-24T07:40:44.397654
5.9191140709951995,1351065,0.04847926,benign,0,326,a666587afda6e89aec274a3657558a27,a4e987d17584557e2fbed011cddf66dc5185338bc3ef33d4226f86c32b7364dd,2025-04-24T07:40:44.397654
6.127613185223617,1884732,0.16511310496842624,benign,0,327,b83aac23b9528732c23cc7352950e880,02cca3803b564ede11ccf9f303c9910b39c532061e7a8c3b773169bc3d3c140b,2025-04-24T07:40:44.397654
5.705515520112809,350762,0.15599355341161933,benign,0,328,cd00692c3bfe59267d5ecfac5310286c,2452984f72ef1195df62ab3f23748777dbf39767229425f1bfd0862d476e5840,2025-04-24T07:40:44.397654
6.640903391212086,966258,0.26393352592099345,benign,0,329,6faa8040da20ef399b63a72d0e4ab575,0791963ca2667a23cf3268ad25d7bb6ca0ed287b192869703cdbcf0e87934c33,2025-04-24T07:40:44.397654
5.459525918044048,81991,0.16929106088590332,benign,0,330,fe73f687e5bc5280214e0486b273a5f9,5426d2ca50f244fb43fe9eafc82da08f33f3b4f8d9140802bd0102e780b629d6,2025-04-24T07:40:44.397654
7.708004785956886,837410,0.12752852585799468,benign,0,331,6da37dd3139aa4d9aa55b8d237ec5d4a,0bba869d7f392cbcaca6b8935ddc7fc3a8c50846d884959333fb7da475957511,2025-04-24T07:40:44.397654
5.960423509250491,862633,0.1459831565151186,benign,0,332,c042f4db68f23406c6cecf84a7ebb0fe,7104741a92e73eb6c5d69cd04cf0afbe50a8796a010d8fa25daaf79e5e173bf3,2025-04-24T07:40:44.397654
6.278935461498662,1257731,0.1409225447827568,benign,0,333,310dcbbf4cce62f762a2aaa148d556bd,556d7dc3a115356350f1f9910b1af1ab0e312d4b3e4fc788d2da63668f36d017,2025-04-24T07:40:44.397654
5.863665718531705,1972379,0.18544490009482822,benign,0,334,2f2b265625d76a6704b08093c652fd79,058d5d43bf485bf78dda1ed4eaf8b78e3106f3c6364c625ead2cc3aeb1908237,2025-04-24T07:40:44.397654
7.8607737654055985,357639,0.08986177,benign,0,335,f9b902fc3289af4dd08de5d1de54f68f,7acc684a848a9b954959fdd22493f48cf44eed028275b6b9999c7cade8956fc7,2025-04-24T07:40:44.397654
4.930427262504324,484089,0.19480592972231817,benign,0,336,6855456e2fe46a9d49d3d3af4f57443d,eaa0689a095d4394a05fb51b84b0175a47f68221261377e4829444cbfcae23ca,2025-04-24T07:40:44.397654
6.825509471,459252,0.18879533852065686,benign,0,337,357a6fdf7642bf815a88822c447d9dc4,8ede6b26343305e05c3c0029f4e830d4e8c2016869a9d1cd97b100b2a16dfd1c,2025-04-24T07:40:44.397654
7.566120216671797,1422112,0.18403289069768217,benign,0,338,819f46e52c25763a55cc642422644317,5d8f6cce532a7aeb57196be62344095936793400b3aeb3580d248b17d5518a86,2025-04-24T07:40:44.397654
7.153552544265561,411603,0.071335353,benign,0,339,04025959b191f8f9de3f924f0940515f,fc95ce176603e9e1d1ffee39023b31dd856e00ad030526902604ed2a68a12c4b,2025-04-24T07:40:44.397654
7.078188552579471,169355,0.15010861094952593,benign,0,340,40008b9a5380fcacce3976bf7c08af5b,9644294ac4ffb3091eef01219b3fe4fe467f05890cc56af961dce68fddbb7704,2025-04-24T07:40:44.397654
6.569492640592914,140011,0.10445220984241635,benign,0,341,3dd48ab31d016ffcbf3314df2b3cb9ce,524b2d27a1e7fbc3a1614fa661e2dcad68462352feeb8bf633deaccfb8aa84f3,2025-04-24T07:40:44.397654
5.635500383985061,356187,0.13916667385675927,benign,0,342,58238e9ae2dd305d79c2ebc8c1883422,023849c38925e2af028a2eb4e1dc41afd7dc7a238195c1c2ae00438d1dae00e1,2025-04-24T07:40:44.397654
7.195897116856318,1564204,0.1168285008952725,benign,0,343,3ad7c2ebb96fcba7cda0cf54a2e802f5,3c15285c04fff40024bb8714b93e58178bf8d3bebe6943178e1c5412957b7aa1,2025-04-24T07:40:44.397654
6.411200600582274,1720741,0.20407014389062988,benign,0,344,b3967a0e938dc2a6340e258630febd5a,02e6295d8f522840f09b5194b3f023799ad6ed3306d9296005787e792224df20,2025-04-24T07:40:44.397654
7.072964291245188,919298,0.052630014,benign,0,345,d81f9c1be2e08964bf9f24b15f0e4900,da70dfa4d9f95ac979f921e8e623358236313f334afcd06cddf8a5621cf6a1e9,2025-04-24T07:40:44.397654
5.5176630050961215,1261768,0.17943921762736845,benign,0,346,13f9896df61279c928f19721878fac41,6aac0cf87a32e631536122c3f2f9a2df215f56f28792a43a8658b0593f2e5255,2025-04-24T07:40:44.397654
6.037641892290639,188048,0.14644535575025136,benign,0,347,c5ff2543b53f4cc0ad3819a36752467b,2289b221b39605c3494e7290856218e931c00af556cf7a07827108193b276511,2025-04-24T07:40:44.397654
6.049884448634329,611874,0.20805919943393544,benign,0,348,01386bd6d8e091c2ab4c7c7de644d37b,06b2d82840e43ed8432b3f444de18b57dbe60637c99379c708aa8e66de83dbc1,2025-04-24T07:40:44.397654
6.603325637357266,1081189,0.095360715,benign,0,349,0bb4aec1710521c12ee76289d9440817,72ba187b05e705de2dced5824d716a71872dedccf21f0c179bd2d5f2c7c974b1,2025-04-24T07:40:44.397654
5.588422198228098,848742,0.19667846514982118,benign,0,350,9de6d14fff9806d4bcd1ef555be766cd,deeeb5df3f2cee6bf4e597a8a3a878a6ce49b932b9e90b416922d4499f54fae6,2025-04-24T07:40:44.397654
6.879848479523516,1422014,0.1538095033442069,benign,0,351,efe937780e95574250dabe07151bdc23,04a8708c3a481ced13845a30de522486895de0592222c29326d9139ec2b9df25,2025-04-24T07:40:44.397654
5.307473561448468,737560,0.122199377,benign,0,352,371bce7dc83817b7893bcdeed13799b5,9a72c24f2fd76561729110d804c69f38a7088f2ec41fdf8fbfea20d07e8bcff8,2025-04-24T07:40:44.397654
5.016151990202231,520821,0.1848609560241048,benign,0,353,138bb0696595b338afbab333c555292a,459535faa370a3b5f8b87203b089623c7aeb9325abf241ec8a685b9c325047a3,2025-04-24T07:40:44.397654
7.1651379142177625,1820753,0.20387557842881113,benign,0,354,8dd48d6a2e2cad213179a3992c0be53c,09a1b036b82baba3177d83c27c1f7d0beacaac6de1c5fdcc9680c49f638c5fb9,2025-04-24T07:40:44.397654
7.108203890469057,1720701,0.14898570515919948,benign,0,355,82cec96096d4281b7c95cd7e74623496,355d8c0ee4e5698eaed38b96aab64dbf0ad72eca3e352183be6e957e9d9230a7,2025-04-24T07:40:44.397654
6.024169220729285,888871,0.16551280429790827,benign,0,356,6c524f9d5d7027454a783c841250ba71,03a3d955b8799a90f1ff5a39479fde8e618f8ca3282d5b187186f2cf361abd32,2025-04-24T07:40:44.397654
6.294379540948625,1923908,0.17269838372951718,benign,0,357,fb7b9ffa5462084c5f4e7e85a093e6d7,2ab0ce7632a611e907a40710ff46da13c5ba832f5a402c6f51e15f53d6e8fa0e,2025-04-24T07:40:44.397654
7.951853823045147,170974,0.10118547520743462,benign,0,358,aa942ab2bfa6ebda4840e7360ce6e7ef,62a0eae98b9fc0bd0ad941ae07ae5e2af545a64c8ddc43407bdfe6ae82addb4c,2025-04-24T07:40:44.397654
5.478954025,367412,0.15499541991510887,benign,0,359,c058f544c737782deacefa532d9add4c,9197e4844abed2fea3569a2acf7b0d584c979c333ab7ae10ba6c339898776f5a,2025-04-24T07:40:44.397654
6.978382136826144,700109,0.079947951,benign,0,360,e7b24b112a44fdd9ee93bdf998c6ca0e,838f461c2fa673cec73e6eecdafa88b127802d6cb0a61c53175197a122cb645a,2025-04-24T07:40:44.397654
6.202324229828382,745692,0.076514937,benign,0,361,52720e003547c70561bf5e03b95aa99f,73daa9289ddd08a53ba86f065ddb07bf915aba208bec652e999613d2a8444228,2025-04-24T07:40:44.397654
6.125795696948928,329057,0.14033003044062475,benign,0,362,c3e878e27f52e2a57ace4d9a76fd9acf,3963317a2b410e5357f4d839787aedb9ceef495514fe5cd91f846ab3a59621e0,2025-04-24T07:40:44.397654
6.324304437731858,1591679,0.17211137497779638,benign,0,363,00411460f7c92d2124a67ea0f4cb5f85,a43231c2216f23db8d65bbd57e0ce6573654f9a102365cd4b345723f1437ab2b,2025-04-24T07:40:44.397654
6.077495640730411,812091,0.2219760321380974,benign,0,364,bac9162b47c56fc8a4d2a519803d51b3,b3dfdc6efe322a6feccb0d081e88ffac20b0f28e8495efa76188c8dc3ada6181,2025-04-24T07:40:44.397654
6.965456912240193,153330,0.11560464756354336,benign,0,365,9be40cee5b0eee1462c82c6964087ff9,4e47eb5525df25f94da777993dafa41d9ab2bfa80a89e28f76d42cd46ab082e7,2025-04-24T07:40:44.397654
5.946651847,1713564,0.21719002985277608,benign,0,366,5ef698cd9fe650923ea331c15af3b160,600b4cdf20cc06a7b5a5cca5f7464296861815519af6d8a14604201b13965ab8,2025-04-24T07:40:44.397654
5.888662739,1972498,0.10544664320517011,benign,0,367,05049e90fa4f5039a8cadc6acbb4b2cc,0788979fc9366e21cd56311511b897a222cf91711481bcd7dc837eac2172d087,2025-04-24T07:40:44.397654
7.062913794163708,1143674,0.2380674938554137,benign,0,368,cf004fdc76fa1a4f25f62e0eb5261ca3,8e6aee9efac8086ebac545d45c63e0d0dfcddd0d77d53e45c04d05cafdd2a8a8,2025-04-24T07:40:44.397654
5.604563811808511,1170493,0.10827377751467707,benign,0,369,0c74b7f78409a4022a2c4c5a5ca3ee19,5f193b350c8aba4883dedf97367ef3080821470661d0a2e1faf420a300cb5ca8,2025-04-24T07:40:44.397654
7.641394697,263221,0.12056293391263515,benign,0,370,d709f38ef758b5066ef31b18039b8ce5,f1607c19a0f910ca1b8dce18843bc34e46a533c87e3524ea75798949f7a352d5,2025-04-24T07:40:44.397654
6.604367334194292,938896,0.2226198365661173,benign,0,371,41f1f19176d383480afa65d325c06ed0,9b15fed64ef16980f625aeed46ab4cd2c498690551d3a2d1e5254d551d7d6ddf,2025-04-24T07:40:44.397654
5.734627692251443,1443990,0.1177500932630135,benign,0,372,24b16fede9a67c9251d3e7c7161c83ac,62f77e7d6197863ac98d9e0cfa76bea0c8e05379ed5281afbe72f7fc206fe37b,2025-04-24T07:40:44.397654
5.347589241845611,1451577,0.18805351326143993,benign,0,373,ffd52f3c7e12435a724a8f30fddadd9c,e52d08747b9d7a6d04551bb86ee3f7ee6c49f7477c8cd66f77448378cc30b92b,2025-04-24T07:40:44.397654
7.422923966915486,1505912,0.15186908172643326,benign,0,374,ad972f10e0800b49d76fed33a21f6698,01299ac65733b5a3d774265fbfe8396b8611e5e3321855dbc541cd301e71fe5e,2025-04-24T07:40:44.397654
6.713726230000064,274218,0.15895386736790312,benign,0,375,f61d6947467ccd3aa5af24db320235dd,de5872c6bb4494cebd250152ce148cd6231654e4469229f2f993984b3950b422,2025-04-24T07:40:44.397654
6.111122111321308,1477564,0.2317389356616496,benign,0,376,142949df56ea8ae0be8b5306971900a4,12e2c8df501501b2bb531e941a737ffa7a2a491e849c5c5841e3b6132291bc35,2025-04-24T07:40:44.397654
6.487594987943783,1910260,0.1346989784080347,benign,0,377,d34ab169b70c9dcd35e62896010cd9ff,2c4cf657337835125bc4258d0e2e546af4185bdb70f64e1b0aa46d1d78017404,2025-04-24T07:40:44.397654
7.294741954165178,59892,0.18521194398237753,benign,0,378,8bf1211fd4b7b94528899de0a43b9fb3,21ef779311a43f0e067d0f4f600bb5451a8a7e093662086a1fe6a75d27d7892a,2025-04-24T07:40:44.397654
5.126361930626482,427685,0.2110049526327322,benign,0,379,a02ffd91ece5e7efeb46db8f10a74059,64c212df34c66e6fe9fccbfebc8899c10584cfa1669c42a175d65db073b13bc0,2025-04-24T07:40:44.397654
7.295340018,1341077,0.20190374337130973,benign,0,380,bca82e41ee7b0833588399b1fcd177c7,2af4dd48399a5cf64c23fc7933e11aaf6171d80001b4b1377498ae6056b1acbf,2025-04-24T07:40:44.397654
7.937171531983843,499256,0.20033462372071112,benign,0,381,00ec53c4682d36f5c4359f4ae7bd7ba1,392a52e4f77c40bf3321dc2feac356fac2a906a80c961748170af4ce2bce1e6a,2025-04-24T07:40:44.397654
5.259560238694136,1288263,0.12082818745717065,benign,0,382,4f6ffe13a5d75b2d6a3923922b3922e5,f65ccfbfec288565c1d414275985547799fde0ed286c85a50bd0ec5faa01d1ac,2025-04-24T07:40:44.397654
7.497172056449068,418326,0.18075294158419344,benign,0,383,beed13602b9b0e6ecb5b568ff5058f07,48b361d46638bfa4eee090c158a750a69c7beec3a62e703e2801125551b1b157,2025-04-24T07:40:44.397654
7.804545271673362,1805352,0.19919899859315285,benign,0,384,0584ce565c824b7b7f50282d9a19945b,37b73510175057c633ebe4beb0a34917fa2a0696432db43a4eeb2c3ff83a4c3b,2025-04-24T07:40:44.397654
5.458397360132073,876537,0.1790238336345289,benign,0,385,dc912a253d1e9ba40e2c597ed2376640,131b0c35e2d7edef9dd63f48eff39341ef0a5f770538aa4e0017f41b9cdb135d,2025-04-24T07:40:44.397654
6.545243174809042,1274523,0.1888880884756088,benign,0,386,39461a19e9eddfb385ea76b26521ea48,15a26c6fa5151c712acc7ee45a1fd525ab85b801f096847c7d5fdf49efeabb4d,2025-04-24T07:40:44.397654
6.9434187210971094,1550206,0.208389568,benign,0,387,8efb100a295c0c690931222ff4467bb8,25dac95b8f595046bc435139636b0e2f1ff6e0ea31a54f3c19e7e726fb98738b,2025-04-24T07:40:44.397654
5.975378124589028,1606688,0.15296887056804193,benign,0,388,d9fc5b73a8d78fad3d6dffe419384e70,ab5e292db6495899871d889aaab28308f7da8dfc3693a477ee73de9ad894ce44,2025-04-24T07:40:44.397654
7.465784846455509,355801,0.20105936379920653,benign,0,389,c86a7ee3d8ef0b551ed58e354a836f2b,b98880883fd8d975260f1807fa46a5156fcc4cc82bf6d657a417d8bb4e42cd55,2025-04-24T07:40:44.397654
7.266358373242015,1741821,0.2022767087127796,benign,0,390,a01a0380ca3c61428c26a231f0e49a09,48a1a756f2d83f1dc57bbf14052b70a6f40d0fceed6662812e34903a9fe90924,2025-04-24T07:40:44.397654
6.145398335148571,1052143,0.20282313848995606,benign,0,391,5a4b25aaed25c2ee1b74de72dc03c14e,a934c244755c66aebb0d6f9f5687038ffae8f00b00b28b4e17521016393f38b9,2025-04-24T07:40:44.397654
7.019319301164037,1592872,0.17819196289053563,benign,0,392,f73b76ce8949fe29bf2a537cfa420e8f,6ea2fdb3399f4d2e806beb01e9a3371bd622bed6a409acf3151818d738c370ec,2025-04-24T07:40:44.397654
5.911476672206227,1487741,0.25289740534361566,benign,0,393,70c639df5e30bdee440e4cdf599fec2b,99a0b871c9047c4f5555fcf062e0623174bae38746fece6efdf032d80fb2221a,2025-04-24T07:40:44.397654
6.609049267869614,268794,0.1409614081511157,benign,0,394,28f0b864598a1291557bed248a998d4e,04d19fde0a08b17aca69491e714bea43565384d12a63626e08477662cc03780e,2025-04-24T07:40:44.397654
6.733765539955305,239197,0.23173703949534494,benign,0,395,1543843a4723ed2ab08e18053ae6dc5b,a3af7b3808c4cf72478d05c9bab9c0d47e31c1d2cb3a29e7481669f7ea278c4e,2025-04-24T07:40:44.397654
6.606471679201904,948885,0.1541000797029409,benign,0,396,f8c1f23d6a8d8d7904fc0ea8e066b3bb,3c1b7053f0edd447b778edbc0ad8359b0fa892d69857d9bd5e6b19007bb3f01e,2025-04-24T07:40:44.397654
6.526487200048989,1706431,0.077389277,benign,0,397,e46de7e1bcaaced9a54f1e9d0d2f800d,1d2028ddcd746a7ee87dd0739d7435602b77d4908f96e27ebdad57b09aa27b69,2025-04-24T07:40:44.397654
6.516551307,870128,0.10685777422622442,benign,0,398,b7b16ecf8ca53723593894116071700c,188c1fdca79d927f6e812133173fc41d3a4e57074de521020274caa9bb29af7d,2025-04-24T07:40:44.397654
5.927945490055516,1547255,0.09202624,benign,0,399,352fe25daf686bdb4edca223c921acea,0f78540965a86402578f8188c826c1cb6c7ddcb608ae3a3201e532c7cacb6ce3,2025-04-24T07:40:44.397654
5.337369835,1033867,0.13897240488634766,benign,0,400,18d8042386b79e2c279fd162df0205c8,26d228663f13a88592a12d16cf9587caab0388b262d6d9f126ed62f9333aca94,2025-04-24T07:40:44.397654
7.181369545670465,315331,0.060619948,benign,0,401,816b112c6105b3ebd537828a39af4818,dcaadad1cfce437735b81ab025f776e5857e48558c47f6960e6a5f2595664a85,2025-04-24T07:40:44.397654
6.181645001768767,1005037,0.18621050210992035,benign,0,402,69cb3ea317a32c4e6143e665fdb20b14,b7c7470e59e2a2df1bfd0a4705488ee6fe0c5c125de15cccdfab0e00d6c03dc0,2025-04-24T07:40:44.397654
6.118941631225467,1032387,0.2303127739486266,benign,0,403,bbf94b34eb32268ada57a3be5062fe7d,d26eae87829adde551bf4b852f9da6b8c3c2db9b65b8b68870632a2db5f53e00,2025-04-24T07:40:44.397654
8,1162775,0.2076714481910597,benign,0,404,4f4adcbf8c6f66dcfc8a3282ac2bf10a,6b3c238ebcf1f3c07cf0e556faa82c6b8fe96840ff4b6b7e9962a2d855843a0b,2025-04-24T07:40:44.397654
6.3213558249133905,1622557,0.081449712,benign,0,405,bbcbff5c1f1ded46c25d28119a85c6c2,a73b320dc0d3a57c03f897eb28ca91e623c5ee635db59476ba3178c90b94019f,2025-04-24T07:40:44.397654
6.565896727188803,20634,0.1664156114118509,benign,0,406,8cb22bdd0b7ba1ab13d742e22eed8da2,f64f410744d9470ffe2d6b9ee6f042cdffcc42a745d2568146e8782ea828ff48,2025-04-24T07:40:44.397654
8,1491053,0.14859896400810413,benign,0,407,f4f6dce2f3a0f9dada0c2b5b66452017,a5abb1500bdeaef41e2edd598c015edfaa46793051b82d7da60a70efbf786da4,2025-04-24T07:40:44.397654
7.350006899996375,503189,0.17717537906904024,benign,0,408,0d0fd7c6e093f7b804fa0150b875b868,e6f47e008cc58b38596e6fdf2f50a0fea93fd10543e652522aeab3aa71355719,2025-04-24T07:40:44.397654
6.412987572791051,1066705,0.11000420256549745,benign,0,409,a96b65a721e561e1e3de768ac819ffbb,480f5a496560ae4228bb7977ecf29b2c589d7a7aa6b609534566af8cbc229a9e,2025-04-24T07:40:44.397654
7.0748838965807455,1480800,0.1218935971101247,benign,0,410,1068c6e4c8051cfd4e9ea8072e3189e2,612111a352a571cbed3927ec6f74948849bcc9fe8489bf4f0d6235afdc0a4ad7,2025-04-24T07:40:44.397654
6.790934640182993,511964,0.18642435177067418,benign,0,411,17d63b1625c816c22647a73e1482372b,52f14fc33ef45dd80ac2626077948f44d8d211d5f24bf9db333c9403968e634a,2025-04-24T07:40:44.397654
6.626687569,1400585,0.10058302910909278,benign,0,412,b9228e0962a78b84f3d5d92f4faa000b,fabf5b7fedb3e62a81c9298b19706249ee128011bf9d94867681020c16f8b741,2025-04-24T07:40:44.397654
6.819764776262724,1744982,0.1125169855980703,benign,0,413,0deb1c54814305ca9ad266f53bc82511,1c49f22f6de9bd15e5e566fa8983be4cfa4709abf0f95edf96dcd3d6249c2649,2025-04-24T07:40:44.397654
7.332007890408377,792865,0.17375172353279278,benign,0,414,66808e327dc79d135ba18e051673d906,8111eb1556229541d7d2720a51203037e78ee57fb2e407e0da4a805473dab7af,2025-04-24T07:40:44.397654
7.018876957344036,510351,0.24467042212835888,benign,0,415,42e7aaa88b48137a16a1acd04ed91125,fc72c98a6c2916c1bbf9f39fce094f5785bb6f1d656971520b660b2e8a760fe3,2025-04-24T07:40:44.397654
7.7222745541806415,1461329,0.1205373339520368,benign,0,416,8fe0093bb30d6f8c31474bd0764e6ac0,67e0bdb7b6c549d4fa834d0f6848ce6a3a12e07de9cea949ad41932bd5881bc4,2025-04-24T07:40:44.397654
5.552161719529695,709775,0.053207686455874884,benign,0,417,41ae36ecb9b3eee609d05b90c14222fb,afcf8bc077e68eb94dfe783205f32cabdeead61fd32ff5710947b6111ff2ff77,2025-04-24T07:40:44.397654
5.823021262282425,1966684,0.23605259958139152,benign,0,418,d1f255a373a3cef72e03aa9d980c7eca,4c8d5b6c695d265fb63dd73f275a21043a5887b37cb4fea0552ecc7b417c8f88,2025-04-24T07:40:44.397654
7.332399089765351,1058162,0.1171229165898705,benign,0,419,7eacb532570ff6858afd2723755ff790,cc6aed2709b80e146bebc151f1cf1dec5e323b58148535a433529155030e3a52,2025-04-24T07:40:44.397654
6.349152972607325,1145175,0.20878106541070407,benign,0,420,b6f0479ae87d244975439c6124592772,db55da3fc3098e9c42311c6013304ff36b19ef73d12ea932054b5ad51df4f49d,2025-04-24T07:40:44.397654
6.327950656,1098435,0.14084841487367789,benign,0,421,e0c641195b27425bb056ac56f8953d24,5092c37bcbc9f0fb33cb0f9cab7aa5ae94ed0f1219773c380b143b7c1224d01b,2025-04-24T07:40:44.397654
6.621225701414057,520105,0.12313964866644915,benign,0,422,f85454e8279be180185cac7d243c5eb3,5658b88806a236b6439a7ecd0a87af2475a02a848095304c6d25981ae5e7e9a9,2025-04-24T07:40:44.397654
6.624432567,936567,0.11599868130495711,benign,0,423,faa9afea49ef2ff029a833cccc778fd0,814bb6b8dc12188a44b71e378dc20a4292e01979aa9ab95b09b8a681391dfc9d,2025-04-24T07:40:44.397654
6.759469033711891,716033,0.10752307975100317,benign,0,424,3c7781a36bcd6cf08c11a970fbe0e2a6,814fd2e8e45e9a6d3e1f6ff86867aaf2251ccd07f3eed02708fae286192c29e3,2025-04-24T07:40:44.397654
8,1140658,0.10171049876571808,benign,0,425,25b2822c2f5a3230abfadd476e8b04c9,0dfcddb0440e967f05bb68ca09a5e2188b8abc36bfb5b95b83b88be59c42c6e7,2025-04-24T07:40:44.397654
5.911353846243388,1154965,0.036844652,benign,0,426,6ecbdd6ec859d284dc13885a37ce8d81,9be3da431e0a833d2b07781de97ebbd0b14c274d16c0597820d9982a5f547cb3,2025-04-24T07:40:44.397654
5.368635734294923,1064952,0.19659609954205734,benign,0,427,18997733ec258a9fcaf239cc55d53363,42f25adecf47629878e89e31b2073d1af009c9c76f4140a06313af5e5950eabc,2025-04-24T07:40:44.397654
6.348640434868212,338822,0.16802762861274972,benign,0,428,8d7d8ee069cb0cbbf816bbb65d56947e,cbf2f7864f1c988391a9ab199627a29bd60987da067748c2812b75785d7ec151,2025-04-24T07:40:44.397654
7.3906085116645714,1134132,0.1162422146007735,benign,0,429,75fc093c0ee742f6dddaa13fff98f104,2d1007980f49215311f7f1012e84f99b801eb5daeca04dedea3ada41cc45353b,2025-04-24T07:40:44.397654
6.4062865681835435,551540,0.12468112072593526,benign,0,430,f74909ace68e51891440e4da0b65a70c,fed88b40aba63cac05eadd5db0088c036005ec235c7be6fd87d656946b733332,2025-04-24T07:40:44.397654
7.207630276762319,1319118,0.04834282,benign,0,431,66368270ffd51418ec58bd793f2d9b1b,0a1f1256f9bac68e806442aa76455bb761af5414855efa23c1b3fd54477c0ba1,2025-04-24T07:40:44.397654
6.342979399904847,1222179,0.070019057,benign,0,432,248e844336797ec98478f85e7626de4a,98f1f17f9a73ccfe3e25940add8d9ce9bf05513104cacb84f2f1185bf5886a84,2025-04-24T07:40:44.397654
5.545964253851485,1516676,0.20222360001312867,benign,0,433,019d385eb67632a7e958e23f24bd07d7,aaf01d71b55e51b1a3051cbb3cdc0646578dcda722b2922072a81f257b1a9821,2025-04-24T07:40:44.397654
7.5937493962322336,1019932,0.15868147647072178,benign,0,434,a49e9411d64ff53eccfdd09ad10a15b3,ea415bf50eb65ade427d8d80222df4627e28cd9a418f830bfd9b81d4149bb2ab,2025-04-24T07:40:44.397654
7.219185188567375,1980925,0.14647454355930734,benign,0,435,ddb30680a691d157187ee1cf9e896d03,5f2703a5211db19a9020f7443f6a440fbc95cda90b7c2d53912f5ce47d050056,2025-04-24T07:40:44.397654
7.3011145436931955,350802,0.19988738180279927,benign,0,436,2421fcb1263b9530df88f7f002e78ea5,155d1cf609cedded2fbc27a4646de87ce7f7de2913b1e5a1bbf148a6df483e19,2025-04-24T07:40:44.397654
6.594718518,1519780,0.16785899280490385,benign,0,437,fccb60fb512d13df5083790d64c4d5dd,0ef962215cc055786d516355238a80dacc204ecf9b160d0a252190bf5c0cc370,2025-04-24T07:40:44.397654
7.656398085308428,1659982,0.16470491262665632,benign,0,438,1651cf0d2f737d7adeab84d339dbabd3,18d37c950a3e810d9b9a84c72c230ca16b7cec19f7fb55c625e5441790d448ef,2025-04-24T07:40:44.397654
6.350831844288077,316150,0.21680395994080826,benign,0,439,eed5af6add95a9a6f1252739b1ad8c24,050a010ce24d0896056e9a36a1940738d38f469d644b3682cfcc47569739c525,2025-04-24T07:40:44.397654
6.736846493280308,126757,0.064094471,benign,0,440,a8abb4bb284b5b27aa7cb790dc20f80b,e3f6959781c353c201d378e02d9da532601673e08a1706fa15a5ebbd9ea1bd36,2025-04-24T07:40:44.397654
6.681524287533093,1394399,0.058535969,benign,0,441,15d4e891d784977cacbfcbb00c48f133,2dfe70c43208f52b9ef4ea7e134705283947116491e81fbac05f0aedc25c5956,2025-04-24T07:40:44.397654
5.428785428358082,72917,0.20325133939166268,benign,0,442,c203d8a151612acf12457e4d67635a95,5627b4a8f9efbd8fbdadaf4177824186f8c734f320935c88e926bc027af6c50f,2025-04-24T07:40:44.397654
5.350429352766736,373190,0.2505894257949211,benign,0,443,13f3cf8c531952d72e5847c4183e6910,6d05621ab7cb7b4fb796ca2ffbe1a141e0d4319d3deb6a05322b9de85d69b923,2025-04-24T07:40:44.397654
4.986508980560074,491705,0.15358210113432139,benign,0,444,550a141f12de6341fba65b0ad0433500,3538a1ef2e113da64249eea7bd068b585ec7ce5df73b2d1e319d8c9bf47eb314,2025-04-24T07:40:44.397654
6.880644060984293,1959713,0.16096701874202493,benign,0,445,67f7fb873eaf29526a11a9b7ac33bfac,0e12831a7047f759733b21f028525039607350b1b1b4fe904595427e72ea0d9b,2025-04-24T07:40:44.397654
5.939278974228912,1940690,0.23209111754246523,benign,0,446,1a5b1e4daae265b790965a275b53ae50,75c3e223190bf1a1fa2af808d1dfcdffe33727d57eb0028b5a52ad893480eeb9,2025-04-24T07:40:44.397654
5.545818420746375,1116602,0.14900719788972722,benign,0,447,9a96876e2f8f3dc4f3cf45f02c61c0c1,c498f3fe97c0df55ee8dea01a72572059b93f42d235a5e439e9c9a1654d6d4e1,2025-04-24T07:40:44.397654
6.189450529223503,550613,0.12330781362432913,benign,0,448,9b70e8fe62e40c570a322f1b0b659098,a4ecdd704d258aa841bb3f9a1e3b0cafc59bd88810e542f8e7a0519809d78fe7,2025-04-24T07:40:44.397654
6.200014031540406,1497479,0.1371087946992724,benign,0,449,d61e4bbd6393c9111e6526ea173a7c8b,4a30a219a9d7663fdd35c0a5df49c8d55018f13a0c53e10dd8efe8f7e4cc5d89,2025-04-24T07:40:44.397654
7.104534543941053,1152559,0.21719735234830706,benign,0,450,f5f8590cd58a54e94377e6ae2eded4d9,83151157c10d85af7c84657c71c3e3603d955160f0526fce672481da83a2e090,2025-04-24T07:40:44.397654
6.255553645571054,354777,0.1371299137798377,benign,0,451,941e1aaaba585b952b62c14a3a175a61,caa1aedb2a6ce96b39b9fde1a49e1ebcb431b6da4586da0aef56df9b78221d60,2025-04-24T07:40:44.397654
6.0907934533319965,227067,0.17454051741633148,benign,0,452,9431c87f273e507e6040fcb07dcb4509,549a2fac47d713cc00f2db498ad6b5574fb03c9293aef6c7ad50a11b394c197d,2025-04-24T07:40:44.397654
6.181948794875753,629862,0.18776695720468198,benign,0,453,49ae49a23f67c759bf4fc791ba842aa2,d83c7ee736be931d85b78a4a60881ced3ff9a31bb417804e45b1d30de40f94f2,2025-04-24T07:40:44.397654
5.595490289597868,661700,0.15056714722782405,benign,0,454,e44fea3bec53bcea3b7513ccef5857ac,48f89b630677c2cbb70e2ba05bf7a3633294e368a45bdc2c7df9d832f9e0c941,2025-04-24T07:40:44.397654
6.966621769522841,859303,0.12161757127262818,benign,0,455,821fa74b50ba3f7cba1e6c53e8fa6845,f626051bc94422f26f4b774a2bca105e122df36a2f32f51bd7ee470daa620b0b,2025-04-24T07:40:44.397654
6.938585497061627,878638,0.10309207101199219,benign,0,456,250cf8b51c773f3f8dc8b4be867a9a02,b3a8e0e1f9ab1bfe3a36f231f676f78bb30a519d2b21e6c530c0eee8ebb4a5d0,2025-04-24T07:40:44.397654
6.106596303034915,99574,0.090803062,benign,0,457,42998cf32d552343bc8e460416382dca,353767b239099863e13ca954e20a66c9d75f777baf239f56e399958de49bf79d,2025-04-24T07:40:44.397654
8,201576,0.1080652646278571,benign,0,458,d07e70efcfab08731a97e7b91be644de,ad21a2b810af49a8b9241e10dfce3a016987441cc93aa72feae47dd017ddf0bb,2025-04-24T07:40:44.397654
6.160669285937651,1031658,0.20649767489595766,benign,0,459,7fe1f8abaad094e0b5cb1b01d712f708,42f0bec3310ddd8a55e8d62817337ca49c55a898c14ab073d07c16dee24d73d4,2025-04-24T07:40:44.397654
6.8547312404974265,1545976,0.10219102641513306,benign,0,460,98b297950041a42470269d56260243a1,841a05fd378a2c067058585e3691c2a3f5399206fded7a580fdbbc281003168e,2025-04-24T07:40:44.397654
6.965686150496978,81438,0.1389824060861517,benign,0,461,0353ab4cbed5beae847a7ff6e220b5cf,de482c7ed5ca67ae135ef25bf3b13194970a2f3902318f1eda3c64af2a2eb344,2025-04-24T07:40:44.397654
6.777147894426025,1896785,0.12322454233551597,benign,0,462,51d92be1c60d1db1d2e5e7a07da55b26,da4d43f295ce92630829272fad6d2e7237c6248e9cd9499e6382d6fa6d758e7b,2025-04-24T07:40:44.397654
6.210494381898164,1588673,0.10158990933665936,benign,0,463,428fca9bc1921c25c5121f9da7815cde,06de973bb45531d52cdbd483c5e50bcddaa2095f9515e03cfad490061cc9831e,2025-04-24T07:40:44.397654
5.670492975378318,622318,0.14363544045063034,benign,0,464,f1b6f2857fb6d44dd73c7041e0aa0f19,88b54564b232405ab2165996517fece1149259cf1ea262a375db0f66039294d0,2025-04-24T07:40:44.397654
5.673494000696517,662873,0.1750191882149006,benign,0,465,68ce199ec2c5517597ce0a4d89620f55,ad3b83575249b68aab9602de378314fc221ab07a9b2ab0bb4a245ec649219f45,2025-04-24T07:40:44.397654
5.719679618775039,1225319,0.19835999234689264,benign,0,466,e836d813fd184325132fca8edcdfb40e,826e27285307a923759de350de081d6218a04f4cff82b20c5ddaa8c60138c066,2025-04-24T07:40:44.397654
4.043867553259707,1312443,0.2523177614132665,benign,0,467,ab817c9349cf9c4f6877e1894a1faa00,e078af3026edb42cc26b32784baa142a79970078f7ac58f8c7b74115f4f7fb60,2025-04-24T07:40:44.397654
5.7956368108842575,1102832,0.072856813,benign,0,468,877a9ba7a98f75b90a9d49f53f15a858,1e5ee5e58c8f490ae68e7e91b1575ebefc2bf6c211f302a553ff0c4925e85321,2025-04-24T07:40:44.397654
5.865298485,1010933,0.20030352536492432,benign,0,469,dc6a6489640ca02b0d42dabeb8e46bb7,c6bd343ae0007cdb979de7540f2668fe849d68ff47fa1a650a28f89104f41f1e,2025-04-24T07:40:44.397654
6.756052287607853,429281,0.056551566,benign,0,470,26337353b7962f533d78c762373b3318,30eec89ddd9c342ef28a87f731d6e50ba977baf12d7caa7045a9d56b0e923f03,2025-04-24T07:40:44.397654
6.515437709223831,1408905,0.1162334181489442,benign,0,471,8e6b42f1644ecb1327dc03ab345e618b,064c3e311ef63912b0cc91db9681ce2d301c3e76c447febf8faa303de38cc005,2025-04-24T07:40:44.397654
6.80466183,328953,0.1925247700125041,benign,0,472,ef575e8837d065a1683c022d2077d342,b6cb293891dd62748d85aa2e00eb97e267870905edefdfe53a2ea0f3da49e88d,2025-04-24T07:40:44.397654
5.281527370030773,655226,0.16576321353635243,benign,0,473,2050e03ca119580f74cca14cc6e97462,3a8f6d79cd434dc10588606993976b7b2bc038ff4a2481e857ac0168fc29a683,2025-04-24T07:40:44.397654
6.406467531600561,376629,0.19545502529248332,benign,0,474,25ddc0f8c9d3e22e03d3076f98d83cb2,98144d79af44407273f26589afc01901b7b296deada61a4740b0d404c5043c53,2025-04-24T07:40:44.397654
6.191605072313032,145634,0.11570457384335395,benign,0,475,5ef0b4eba35ab2d6180b0bca7e46b6f9,b1585fdb272b31401eaac5dd46a936c1c09b4861e53e23f12ac72fc077b3c82c,2025-04-24T07:40:44.397654
6.598072508051972,974216,0.15760819345830396,benign,0,476,598b3e71ec378bd83e0a727608b5db01,e73cb135243c08ab2c2adc333b150b9237093315f6b38e3361f07caf2bfb4d6b,2025-04-24T07:40:44.397654
6.965853310223338,1663117,0.1443282174702194,benign,0,477,74071a673307ca7459bcf75fbd024e09,6e82b8197ce29396936a07b1eb951c88650a2fc0fe1201a51b15b6ca8a73318a,2025-04-24T07:40:44.397654
7.270703596349296,604343,0.19757634448538164,benign,0,478,cfee398643cbc3dc5eefc89334cacdc1,200dd69b70a88134b3a939de5f0b10c44a1675344329b9d9a5ad6b7342f978b2,2025-04-24T07:40:44.397654
5.960212191790983,514759,0.10537390604820067,benign,0,479,d18f655c3fce66ca401d5f38b48c89af,9869a8a3a11a33284dc2bcc3d2e6ffd52cad30e2009c11dfe604e74dc21a887e,2025-04-24T07:40:44.397654
7.913549861236663,1208880,0.09954137,benign,0,480,6ea2ef7311b482724a9b7b0bc0dd85c6,ddfe0e8d462af661f81db36589c39882dc0f2330785b5d80cd34f2f520ad618f,2025-04-24T07:40:44.397654
7.498155838274311,1636813,0.14829604057584905,benign,0,481,9461cce28ebe3e76fb4b931c35a169b0,51d089cdaf0c968c94b80671489d22b6f79b1c57de80df880b008e9b37b49788,2025-04-24T07:40:44.397654
6.714538853629014,1467433,0.11454941803676785,benign,0,482,f770b62bc8f42a0b66751fe636fc6eb0,d4679c618f1af07ee8570edd4b931e2e68e1c2d4b7d3c2f1033a9b597f85d4b0,2025-04-24T07:40:44.397654
5.549789333242289,1651764,0.15678964035895704,benign,0,483,e1e32e235eee1f970470a3a6658dfdd5,48ce32e8ec7741594c8786e445fbed501f5a735a49522314b8e24878e2544b9e,2025-04-24T07:40:44.397654
7.444382912262624,1569131,0.11961756078515937,benign,0,484,eba0dc302bcd9a273f8bbb72be3a687b,a42e815c58f3977fe531a80ffd4659121c3b9f876a89869042816c369ed80776,2025-04-24T07:40:44.397654
7.117682987923447,1374494,0.1434593291057004,benign,0,485,218a0aefd1d1a4be65601cc6ddc1520e,5844a72aee9269a68da28cae55c706d824b02ffb92189aaacd746a0d6097f549,2025-04-24T07:40:44.397654
6.39655218,705478,0.12768426268052632,benign,0,486,7d04bbbe5494ae9d2f5a76aa1c00fa2f,86b700fab5db37977a73700b53a0654b21bdad0896914cc19ad70dee5f5fb3f6,2025-04-24T07:40:44.397654
6.713798347023938,814551,0.22687695376976447,benign,0,487,a516a87cfcaef229b342c437fe2b95f7,9b19f9ab816598a0809e4afd5d60800f2dbef9cbb9b03ad2ce766b3c237b9059,2025-04-24T07:40:44.397654
8,1681437,0.15007472276075473,benign,0,488,c3c59e5f8b3e9753913f4d435b53c308,a77b6cbdf6fae1676369dea1e1ea675e4c2400c9e43bd535fdfd9395cb48cbaa,2025-04-24T07:40:44.397654
7.200618685724457,1302894,0.19596740531335902,benign,0,489,854d9fca60b4bd07f9bb215d59ef5561,e4be97ce765e6cfcd703884cc31db7478fa7befca7cf6dc15420ba20ed718abe,2025-04-24T07:40:44.397654
6.726651671924163,1811269,0.13684653725797633,benign,0,490,c410003ef13d451727aeff9082c29a5c,cbd02d97b0731d88c78d30c20d90492b2d4c3f2f983931c38fef2dedc7ce48d4,2025-04-24T07:40:44.397654
7.093920510856572,1707951,0.083983309,benign,0,491,559cb990c9dffd8675f6bc2186971dc2,227445a988500528d7826c6921d2e3b4a79ccf3a94cc3bcf7b667e3ae4990b36,2025-04-24T07:40:44.397654
7.604394329650674,173083,0.13065948251370457,benign,0,492,55a7cf9c71f1c9c495413f934dd1a158,23e8b0175874e1bb3b4799e13a6634a8eddb456c1b8675b871e07ec09abc0c07,2025-04-24T07:40:44.397654
6.650656715336073,809980,0.16144010502834605,benign,0,493,2f55707d4193dc27118a0f19a1985716,560aa3e6e94314c78236109e209ac79e15e05ec8bf2dcb78300ae65e720edf9e,2025-04-24T07:40:44.397654
7.834209519367595,1207793,0.17580914486406435,benign,0,494,1be3bc32e6564055d5ca3e5a354acbef,d18b29d80a8bd366b77c952d9775510507c2d006eec917ab2f89ef93acc5452f,2025-04-24T07:40:44.397654
6.198137181380944,1149041,0.20662493799605003,benign,0,495,35051070e572e47d2c26c241ab88307f,ac1270c5058af65025e5b2a3e3014cea69460e7d9f159ae667028e1b6eab433e,2025-04-24T07:40:44.397654
5.702614863735188,1055915,0.073105212,benign,0,496,b534ba68236ba543ae44b22bd110a1d6,35bbce4007c5cd57a4c6dcabbdf5b347c9557ec11898111c280a788f8396e2c5,2025-04-24T07:40:44.397654
6.106874783332911,413072,0.10721121408886014,benign,0,497,7380ad8a673226ae47fce7bff88e9c33,dcb5d6e69e4ded78464ae2843f509daf65c9ca09dfdc9b5ad69166341963a877,2025-04-24T07:40:44.397654
8,774032,0.19116601327136812,benign,0,498,05f971b5ec196b8c65b75d2ef8267331,f138665c5aa6600801452ebb40df70c46e73f2c51f4cb72f66b438139c5ec3f6,2025-04-24T07:40:44.397654
6.46427355,1689719,0.12305840799842317,benign,0,499,3cf166c6b73f030b4f67eeaeba301103,db3defda18fafc0c197740438051c690d98b551a7e449d66390d38fa2db09b77,2025-04-24T07:40:44.397654
,,,,,,,,
